regionno,regionname,year,gdpcap,sec.agriculture,sec.energy,sec.industry,sec.construction,sec.services.venta,sec.services.nonventa,school.illit,school.prim,school.med,school.high,school.post.high,popdens,invest
1,Spain (Espana),1955,2.3545416380057707,NA,NA,NA,NA,NA,NA,NA,NA,NA,NA,NA,NA,NA
1,Spain (Espana),1956,2.480148581292622,NA,NA,NA,NA,NA,NA,NA,NA,NA,NA,NA,NA,NA
1,Spain (Espana),1957,2.603613148754374,NA,NA,NA,NA,NA,NA,NA,NA,NA,NA,NA,NA,NA
1,Spain (Espana),1958,2.63710359749335,NA,NA,NA,NA,NA,NA,NA,NA,NA,NA,NA,NA,NA
1,Spain (Espana),1959,2.6698801388777316,NA,NA,NA,NA,NA,NA,NA,NA,NA,NA,NA,NA,NA
1,Spain (Espana),1960,2.8699657502292872,NA,NA,NA,NA,NA,NA,NA,NA,NA,NA,NA,NA,NA
1,Spain (Espana),1961,3.0474863539965145,19.540000915527344,4.710000038146973,26.420000076293945,6.269999980926514,36.619998931884766,6.440000057220459,NA,NA,NA,NA,NA,NA,NA
1,Spain (Espana),1962,3.2732791677266317,NA,NA,NA,NA,NA,NA,NA,NA,NA,NA,NA,NA,NA
1,Spain (Espana),1963,3.493501935063754,19.049999237060547,4.309999942779541,26.049999237060547,6.829999923706055,38,5.769999980926514,NA,NA,NA,NA,NA,NA,NA
1,Spain (Espana),1964,3.600114279221004,NA,NA,NA,NA,NA,NA,2863.2783203125,18679.095703125,1064.2457275390625,359.7457275390625,212.14341735839844,NA,18.360183715820312
1,Spain (Espana),1965,3.7007998412283993,16.15999984741211,4.309999942779541,27.010000228881836,7.639999866485596,38.400001525878906,6.480000019073486,2826.321533203125,18805.349609375,1129.0311279296875,377.9471435546875,218,NA,20.573060989379883
1,Spain (Espana),1966,3.8234790234319216,NA,NA,NA,NA,NA,NA,2789.842041015625,18959.24609375,1201.23583984375,398.7253723144531,224.3354034423828,NA,22.26300048828125
1,Spain (Espana),1967,3.9396602540178254,14.119999885559082,4.139999866485596,26.739999771118164,7.670000076293945,39.56999969482422,7.760000228881836,2753.833251953125,19178.095703125,1285.103515625,422.26788330078125,231.97500610351562,NA,22.634765625
1,Spain (Espana),1968,4.173736005672486,NA,NA,NA,NA,NA,NA,2718.2890625,19319.001953125,1487.3807373046875,447.3210754394531,236.0500030517578,NA,23.11261558532715
1,Spain (Espana),1969,4.410525738460886,12.8100004196167,4.130000114440918,26.770000457763672,7.840000152587891,40.060001373291016,8.390000343322754,2683.203857421875,19459.55859375,1696.1468505859375,474.941162109375,252.25,66.339996337890625,23.823501586914062
1,Spain (Espana),1970,4.5916882285864755,NA,NA,NA,NA,NA,NA,NA,NA,NA,NA,NA,NA,23.45126724243164
1,Spain (Espana),1971,4.769065876546433,NA,NA,NA,NA,NA,NA,NA,NA,NA,NA,NA,NA,21.700725555419922
1,Spain (Espana),1972,5.0742643215219765,NA,NA,NA,NA,NA,NA,NA,NA,NA,NA,NA,NA,23.083499908447266
1,Spain (Espana),1973,5.373536202268102,NA,NA,NA,NA,NA,NA,NA,NA,NA,NA,NA,NA,24.411067962646484
1,Spain (Espana),1974,5.506783654028537,NA,NA,NA,NA,NA,NA,NA,NA,NA,NA,NA,NA,25.054624557495117
1,Spain (Espana),1975,5.632604813105854,NA,NA,NA,NA,NA,NA,NA,NA,NA,NA,NA,NA,23.15032958984375
1,Spain (Espana),1976,5.697443552679146,NA,NA,NA,NA,NA,NA,NA,NA,NA,NA,NA,NA,22.43714141845703
1,Spain (Espana),1977,5.75949726905594,NA,NA,NA,NA,NA,NA,NA,NA,NA,NA,NA,NA,21.735496520996094
1,Spain (Espana),1978,5.716652367599213,NA,NA,NA,NA,NA,NA,NA,NA,NA,NA,NA,NA,21.069114685058594
1,Spain (Espana),1979,5.687232236799531,NA,NA,NA,NA,NA,NA,NA,NA,NA,NA,NA,NA,20.066621780395508
1,Spain (Espana),1980,5.710796845432555,NA,NA,NA,NA,NA,NA,NA,NA,NA,NA,NA,NA,19.907625198364258
1,Spain (Espana),1981,5.759925700636872,NA,NA,NA,NA,NA,NA,NA,NA,NA,NA,NA,NA,19.121850967407227
1,Spain (Espana),1982,5.825264349694731,NA,NA,NA,NA,NA,NA,NA,NA,NA,NA,NA,NA,19.204309463500977
1,Spain (Espana),1983,5.89353054191548,NA,NA,NA,NA,NA,NA,NA,NA,NA,NA,NA,NA,18.444690704345703
1,Spain (Espana),1984,6.004213204012023,NA,NA,NA,NA,NA,NA,NA,NA,NA,NA,NA,NA,16.782161712646484
1,Spain (Espana),1985,6.116395158721392,NA,NA,NA,NA,NA,NA,NA,NA,NA,NA,NA,NA,17.41063690185547
1,Spain (Espana),1986,6.496501139183448,NA,NA,NA,NA,NA,NA,NA,NA,NA,NA,NA,NA,17.960134506225586
1,Spain (Espana),1987,6.878177454321087,NA,NA,NA,NA,NA,NA,NA,NA,NA,NA,NA,NA,19.297977447509766
1,Spain (Espana),1988,7.242930504091466,NA,NA,NA,NA,NA,NA,NA,NA,NA,NA,NA,NA,20.825284957885742
1,Spain (Espana),1989,7.608540417023708,NA,NA,NA,NA,NA,NA,NA,NA,NA,NA,NA,NA,22.47564125061035
1,Spain (Espana),1990,7.794915564024119,NA,NA,NA,NA,NA,NA,NA,NA,NA,NA,NA,NA,23.356416702270508
1,Spain (Espana),1991,7.978435081606149,NA,NA,NA,NA,NA,NA,NA,NA,NA,NA,NA,NA,23.146408081054688
1,Spain (Espana),1992,7.834903964380713,NA,NA,NA,NA,NA,NA,NA,NA,NA,NA,NA,NA,22.43602752685547
1,Spain (Espana),1993,7.692087626191625,NA,NA,NA,NA,NA,NA,NA,NA,NA,NA,NA,NA,20.374860763549805
1,Spain (Espana),1994,7.889888777592564,NA,NA,NA,NA,NA,NA,NA,NA,NA,NA,NA,NA,20.257553100585938
1,Spain (Espana),1995,8.094829874221205,NA,NA,NA,NA,NA,NA,NA,NA,NA,NA,NA,NA,21.206729888916016
1,Spain (Espana),1996,8.324049922678343,NA,NA,NA,NA,NA,NA,NA,NA,NA,NA,NA,NA,NA
1,Spain (Espana),1997,8.670379542786883,NA,NA,NA,NA,NA,NA,NA,NA,NA,NA,NA,NA,NA
2,Andalucia,1955,1.6887318301425598,NA,NA,NA,NA,NA,NA,NA,NA,NA,NA,NA,NA,NA
2,Andalucia,1956,1.758497532896572,NA,NA,NA,NA,NA,NA,NA,NA,NA,NA,NA,NA,NA
2,Andalucia,1957,1.827620697239405,NA,NA,NA,NA,NA,NA,NA,NA,NA,NA,NA,NA,NA
2,Andalucia,1958,1.852756294309327,NA,NA,NA,NA,NA,NA,NA,NA,NA,NA,NA,NA,NA
2,Andalucia,1959,1.8780348471865183,NA,NA,NA,NA,NA,NA,NA,NA,NA,NA,NA,NA,NA
2,Andalucia,1960,2.0101399600114256,NA,NA,NA,NA,NA,NA,NA,NA,NA,NA,NA,NA,NA
2,Andalucia,1961,2.1291774737770237,27.719999313354492,2.7799999713897705,18.450000762939453,6.96999979019165,36.630001068115234,7.449999809265137,NA,NA,NA,NA,NA,NA,NA
2,Andalucia,1962,2.280348445714729,NA,NA,NA,NA,NA,NA,NA,NA,NA,NA,NA,NA,NA
2,Andalucia,1963,2.431019726088305,27.1299991607666,2.549999952316284,18.100000381469727,7.730000019073486,37.66999816894531,6.820000171661377,NA,NA,NA,NA,NA,NA,NA
2,Andalucia,1964,2.508854586817271,NA,NA,NA,NA,NA,NA,924.40301513671875,3028.127197265625,129.51210021972656,48.9593620300293,24.937973022460938,NA,17.4014949798584
2,Andalucia,1965,2.5846900275284073,24.520000457763672,2.6500000953674316,18.18000030517578,8.550000190734863,38.31999969482422,7.78000020980835,899.3489990234375,3036.81640625,136.17974853515625,51.777217864990234,25.75277328491211,NA,18.308963775634766
2,Andalucia,1966,2.694444348559452,NA,NA,NA,NA,NA,NA,874.78765869140625,3049.4423828125,143.5947265625,54.98322677612305,26.631202697753906,NA,18.42999267578125
2,Andalucia,1967,2.802342205379936,21.8700008392334,2.6500000953674316,18.219999313354492,8.539999961853027,39.08000183105469,9.649999618530273,850.7105712890625,3072.635986328125,152.23573303222656,58.61037826538086,27.67255401611328,NA,19.115657806396484
2,Andalucia,1968,2.9873607976543535,NA,NA,NA,NA,NA,NA,827.1092529296875,3086.955078125,174.59548950195312,62.49102783203125,28.29547119140625,NA,20.60848617553711
2,Andalucia,1969,3.1790917752572927,19.729999542236328,3.240000009536743,18.43000030517578,8.859999656677246,39.22999954223633,10.520000457763672,803.9754638671875,3100.572265625,197.27410888671875,66.77776336669922,30.383569717407227,68.51000213623047,22.05558967590332
2,Andalucia,1970,3.3543272653125893,NA,NA,NA,NA,NA,NA,NA,NA,NA,NA,NA,NA,23.313762664794922
2,Andalucia,1971,3.5229220658634364,NA,NA,NA,NA,NA,NA,NA,NA,NA,NA,NA,NA,22.317508697509766
2,Andalucia,1972,3.7562126501803057,NA,NA,NA,NA,NA,NA,NA,NA,NA,NA,NA,NA,22.12729263305664
2,Andalucia,1973,3.9877178123493735,NA,NA,NA,NA,NA,NA,NA,NA,NA,NA,NA,NA,21.80194854736328
2,Andalucia,1974,4.051842208727194,NA,NA,NA,NA,NA,NA,NA,NA,NA,NA,NA,NA,23.646896362304688
2,Andalucia,1975,4.11218219878026,NA,NA,NA,NA,NA,NA,NA,NA,NA,NA,NA,NA,22.757415771484375
2,Andalucia,1976,4.2217935640040345,NA,NA,NA,NA,NA,NA,NA,NA,NA,NA,NA,NA,21.530261993408203
2,Andalucia,1977,4.331690840842349,NA,NA,NA,NA,NA,NA,NA,NA,NA,NA,NA,NA,18.89835548400879
2,Andalucia,1978,4.305198689046433,NA,NA,NA,NA,NA,NA,NA,NA,NA,NA,NA,NA,19.81292724609375
2,Andalucia,1979,4.226935178816097,NA,NA,NA,NA,NA,NA,NA,NA,NA,NA,NA,NA,19.691680908203125
2,Andalucia,1980,4.211511206061661,NA,NA,NA,NA,NA,NA,NA,NA,NA,NA,NA,NA,20.923221588134766
2,Andalucia,1981,4.207012456541435,NA,NA,NA,NA,NA,NA,NA,NA,NA,NA,NA,NA,21.830726623535156
2,Andalucia,1982,4.249071536899056,NA,NA,NA,NA,NA,NA,NA,NA,NA,NA,NA,NA,22.18537712097168
2,Andalucia,1983,4.291630962582119,NA,NA,NA,NA,NA,NA,NA,NA,NA,NA,NA,NA,21.126863479614258
2,Andalucia,1984,4.358683337963707,NA,NA,NA,NA,NA,NA,NA,NA,NA,NA,NA,NA,19.924806594848633
2,Andalucia,1985,4.426592576507159,NA,NA,NA,NA,NA,NA,NA,NA,NA,NA,NA,NA,20.382495880126953
2,Andalucia,1986,4.663238917647414,NA,NA,NA,NA,NA,NA,NA,NA,NA,NA,NA,NA,19.372650146484375
2,Andalucia,1987,4.900671079886774,NA,NA,NA,NA,NA,NA,NA,NA,NA,NA,NA,NA,20.49320411682129
2,Andalucia,1988,5.159597170758132,NA,NA,NA,NA,NA,NA,NA,NA,NA,NA,NA,NA,23.358566284179688
2,Andalucia,1989,5.417737876371261,NA,NA,NA,NA,NA,NA,NA,NA,NA,NA,NA,NA,25.762292861938477
2,Andalucia,1990,5.585261162128901,NA,NA,NA,NA,NA,NA,NA,NA,NA,NA,NA,NA,28.31832504272461
2,Andalucia,1991,5.74921447527269,NA,NA,NA,NA,NA,NA,NA,NA,NA,NA,NA,NA,26.49245262145996
2,Andalucia,1992,5.641245358469009,NA,NA,NA,NA,NA,NA,NA,NA,NA,NA,NA,NA,24.318729400634766
2,Andalucia,1993,5.534918490085422,NA,NA,NA,NA,NA,NA,NA,NA,NA,NA,NA,NA,21.183673858642578
2,Andalucia,1994,5.638817288949809,NA,NA,NA,NA,NA,NA,NA,NA,NA,NA,NA,NA,20.268390655517578
2,Andalucia,1995,5.720722685538507,NA,NA,NA,NA,NA,NA,NA,NA,NA,NA,NA,NA,22.172574996948242
2,Andalucia,1996,5.995929612326166,NA,NA,NA,NA,NA,NA,NA,NA,NA,NA,NA,NA,NA
2,Andalucia,1997,6.300985537335316,NA,NA,NA,NA,NA,NA,NA,NA,NA,NA,NA,NA,NA
3,Aragon,1955,2.28877455736698,NA,NA,NA,NA,NA,NA,NA,NA,NA,NA,NA,NA,NA
3,Aragon,1956,2.445158622020383,NA,NA,NA,NA,NA,NA,NA,NA,NA,NA,NA,NA,NA
3,Aragon,1957,2.603398932963908,NA,NA,NA,NA,NA,NA,NA,NA,NA,NA,NA,NA,NA
3,Aragon,1958,2.639031757527983,NA,NA,NA,NA,NA,NA,NA,NA,NA,NA,NA,NA,NA
3,Aragon,1959,2.677092215770383,NA,NA,NA,NA,NA,NA,NA,NA,NA,NA,NA,NA,NA
3,Aragon,1960,2.8814623608516987,NA,NA,NA,NA,NA,NA,NA,NA,NA,NA,NA,NA,NA
3,Aragon,1961,3.09954297028416,25.06999969482422,6.909999847412109,21.65999984741211,6.800000190734863,32.849998474121094,6.710000038146973,NA,NA,NA,NA,NA,NA,NA
3,Aragon,1962,3.3591831864305512,NA,NA,NA,NA,NA,NA,NA,NA,NA,NA,NA,NA,NA
3,Aragon,1963,3.614181697249447,25.34000015258789,6.079999923706055,21.729999542236328,7.53000020980835,33.349998474121094,5.960000038146973,NA,NA,NA,NA,NA,NA,NA
3,Aragon,1964,3.680091297854631,NA,NA,NA,NA,NA,NA,77.669464111328125,722.28515625,36.21180725097656,14.249056816101074,8.341134071350098,NA,21.272478103637695
3,Aragon,1965,3.7452869911052202,21.020000457763672,6.269999980926514,23.600000381469727,8.289999961853027,34.22999954223633,6.599999904632568,75.803802490234375,723.77685546875,38.29935836791992,14.871756553649902,8.452472686767578,NA,22.76789665222168
3,Aragon,1966,3.8833191040004196,NA,NA,NA,NA,NA,NA,73.973358154296875,726.22314453125,40.62442398071289,15.585719108581543,8.575725555419922,NA,21.476425170898438
3,Aragon,1967,4.016138124179922,18.479999542236328,6.079999923706055,23.3799991607666,8.430000305175781,35.709999084472656,7.929999828338623,72.17754364013672,730.974853515625,43.327762603759766,16.39621353149414,8.741209983825684,NA,19.729175567626953
3,Aragon,1968,4.243644882154206,NA,NA,NA,NA,NA,NA,70.41575622558594,733.10198974609375,49.99372482299805,17.252737045288086,8.765982627868652,NA,20.584880828857422
3,Aragon,1969,4.4762209053551665,18.719999313354492,6.050000190734863,23.530000686645508,8.109999656677246,35.310001373291016,8.279999732971191,68.68743133544922,735.111572265625,56.83525466918945,18.19457244873047,9.22996997833252,24.040000915527344,23.63405990600586
3,Aragon,1970,4.5962580201694605,NA,NA,NA,NA,NA,NA,NA,NA,NA,NA,NA,NA,24.926958084106445
3,Aragon,1971,4.723721863507748,NA,NA,NA,NA,NA,NA,NA,NA,NA,NA,NA,NA,22.161314010620117
3,Aragon,1972,5.001285381910972,NA,NA,NA,NA,NA,NA,NA,NA,NA,NA,NA,NA,21.90011978149414
3,Aragon,1973,5.283490605641692,NA,NA,NA,NA,NA,NA,NA,NA,NA,NA,NA,NA,22.70714569091797
3,Aragon,1974,5.442373781877054,NA,NA,NA,NA,NA,NA,NA,NA,NA,NA,NA,NA,25.39490509033203
3,Aragon,1975,5.600971046497876,NA,NA,NA,NA,NA,NA,NA,NA,NA,NA,NA,NA,25.422359466552734
3,Aragon,1976,5.736575089873876,NA,NA,NA,NA,NA,NA,NA,NA,NA,NA,NA,NA,26.061880111694336
3,Aragon,1977,5.866395524827728,NA,NA,NA,NA,NA,NA,NA,NA,NA,NA,NA,NA,22.85999298095703
3,Aragon,1978,5.925021352716189,NA,NA,NA,NA,NA,NA,NA,NA,NA,NA,NA,NA,21.286657333374023
3,Aragon,1979,5.952799235095776,NA,NA,NA,NA,NA,NA,NA,NA,NA,NA,NA,NA,20.492244720458984
3,Aragon,1980,5.974721595308707,NA,NA,NA,NA,NA,NA,NA,NA,NA,NA,NA,NA,20.72980308532715
3,Aragon,1981,6.011139587210574,NA,NA,NA,NA,NA,NA,NA,NA,NA,NA,NA,NA,20.82062530517578
3,Aragon,1982,6.133604771544068,NA,NA,NA,NA,NA,NA,NA,NA,NA,NA,NA,NA,26.48906707763672
3,Aragon,1983,6.260854181171451,NA,NA,NA,NA,NA,NA,NA,NA,NA,NA,NA,NA,17.562376022338867
3,Aragon,1984,6.3728936159144265,NA,NA,NA,NA,NA,NA,NA,NA,NA,NA,NA,NA,18.101327896118164
3,Aragon,1985,6.495501320214314,NA,NA,NA,NA,NA,NA,NA,NA,NA,NA,NA,NA,19.533239364624023
3,Aragon,1986,6.926520924267174,NA,NA,NA,NA,NA,NA,NA,NA,NA,NA,NA,NA,18.325876235961914
3,Aragon,1987,7.358611825192803,NA,NA,NA,NA,NA,NA,NA,NA,NA,NA,NA,NA,19.599504470825195
3,Aragon,1988,7.802770288288168,NA,NA,NA,NA,NA,NA,NA,NA,NA,NA,NA,NA,20.082304000854492
3,Aragon,1989,8.242645307255962,NA,NA,NA,NA,NA,NA,NA,NA,NA,NA,NA,NA,22.157751083374023
3,Aragon,1990,8.458297629248786,NA,NA,NA,NA,NA,NA,NA,NA,NA,NA,NA,NA,22.210424423217773
3,Aragon,1991,8.668237820723098,NA,NA,NA,NA,NA,NA,NA,NA,NA,NA,NA,NA,22.017955780029297
3,Aragon,1992,8.46686626086743,NA,NA,NA,NA,NA,NA,NA,NA,NA,NA,NA,NA,22.86540412902832
3,Aragon,1993,8.256926941074871,NA,NA,NA,NA,NA,NA,NA,NA,NA,NA,NA,NA,21.559242248535156
3,Aragon,1994,8.573978514509248,NA,NA,NA,NA,NA,NA,NA,NA,NA,NA,NA,NA,21.921186447143555
3,Aragon,1995,8.846758243459458,NA,NA,NA,NA,NA,NA,NA,NA,NA,NA,NA,NA,20.666744232177734
3,Aragon,1996,9.096686835290363,NA,NA,NA,NA,NA,NA,NA,NA,NA,NA,NA,NA,NA
3,Aragon,1997,9.518708940302771,NA,NA,NA,NA,NA,NA,NA,NA,NA,NA,NA,NA,NA
4,Principado De Asturias,1955,2.5029278046674164,NA,NA,NA,NA,NA,NA,NA,NA,NA,NA,NA,NA,NA
4,Principado De Asturias,1956,2.6155384088781557,NA,NA,NA,NA,NA,NA,NA,NA,NA,NA,NA,NA,NA
4,Principado De Asturias,1957,2.725792639393767,NA,NA,NA,NA,NA,NA,NA,NA,NA,NA,NA,NA,NA
4,Principado De Asturias,1958,2.751856577529188,NA,NA,NA,NA,NA,NA,NA,NA,NA,NA,NA,NA,NA
4,Principado De Asturias,1959,2.7774208241004805,NA,NA,NA,NA,NA,NA,NA,NA,NA,NA,NA,NA,NA
4,Principado De Asturias,1960,2.9672951195724213,NA,NA,NA,NA,NA,NA,NA,NA,NA,NA,NA,NA,NA
4,Principado De Asturias,1961,3.1438873822741495,14.119999885559082,21.360000610351562,22.079999923706055,9.029999732971191,28.459999084472656,4.949999809265137,NA,NA,NA,NA,NA,NA,NA
4,Principado De Asturias,1962,3.373536080232657,NA,NA,NA,NA,NA,NA,NA,NA,NA,NA,NA,NA,NA
4,Principado De Asturias,1963,3.59725799604131,15.170000076293945,19.040000915527344,22.360000610351562,8.960000038146973,29.709999084472656,4.769999980926514,NA,NA,NA,NA,NA,NA,NA
4,Principado De Asturias,1964,3.672593527267879,NA,NA,NA,NA,NA,NA,29.01267433166504,668.60009765625,37.55399703979492,12.838385581970215,5.938287734985352,NA,21.04845428466797
4,Principado De Asturias,1965,3.743358831070587,12.100000381469727,18.469999313354492,24.40999984741211,9.5600004196167,30.030000686645508,5.429999828338623,30.044288635253906,668.96533203125,39.88791275024414,13.502683639526367,6.106203079223633,NA,22.659502029418945
4,Principado De Asturias,1966,3.909382824215403,NA,NA,NA,NA,NA,NA,31.04444122314453,670.01220703125,42.48976135253906,14.260560035705566,6.287752628326416,NA,22.34093475341797
4,Principado De Asturias,1967,4.073122139489164,10.5600004196167,18.309999465942383,24.799999237060547,8.680000305175781,31.170000076293945,6.480000019073486,32.01376724243164,672.92266845703125,45.51075744628906,15.119030952453613,6.5061116218566895,NA,21.481456756591797
4,Principado De Asturias,1968,4.308626141693892,NA,NA,NA,NA,NA,NA,32.952903747558594,672.70477294921875,52.73724365234375,16.033485412597656,6.6247100830078125,NA,23.038053512573242
4,Principado De Asturias,1969,4.549700190291613,9.859999656677246,16.059999465942383,26.979999542236328,8.800000190734863,31.389999389648438,6.909999847412109,33.86246109008789,672.25128173828125,60.211219787597656,17.042001724243164,7.0839643478393555,98.73999786376953,26.049453735351562
4,Principado De Asturias,1970,4.631605151039436,NA,NA,NA,NA,NA,NA,NA,NA,NA,NA,NA,NA,23.937179565429688
4,Principado De Asturias,1971,4.699657345390157,NA,NA,NA,NA,NA,NA,NA,NA,NA,NA,NA,NA,21.74786376953125
4,Principado De Asturias,1972,5.0225648768320665,NA,NA,NA,NA,NA,NA,NA,NA,NA,NA,NA,NA,21.009681701660156
4,Principado De Asturias,1973,5.345615364081245,NA,NA,NA,NA,NA,NA,NA,NA,NA,NA,NA,NA,22.831401824951172
4,Principado De Asturias,1974,5.502499338219215,NA,NA,NA,NA,NA,NA,NA,NA,NA,NA,NA,NA,24.34782600402832
4,Principado De Asturias,1975,5.651956583833191,NA,NA,NA,NA,NA,NA,NA,NA,NA,NA,NA,NA,23.062095642089844
4,Principado De Asturias,1976,5.592259459071962,NA,NA,NA,NA,NA,NA,NA,NA,NA,NA,NA,NA,20.973421096801758
4,Principado De Asturias,1977,5.538703332251053,NA,NA,NA,NA,NA,NA,NA,NA,NA,NA,NA,NA,22.239246368408203
4,Principado De Asturias,1978,5.614610250865824,NA,NA,NA,NA,NA,NA,NA,NA,NA,NA,NA,NA,19.366674423217773
4,Principado De Asturias,1979,5.704298893814937,NA,NA,NA,NA,NA,NA,NA,NA,NA,NA,NA,NA,18.128252029418945
4,Principado De Asturias,1980,5.796986557830576,NA,NA,NA,NA,NA,NA,NA,NA,NA,NA,NA,NA,16.13027572631836
4,Principado De Asturias,1981,5.935661100176736,NA,NA,NA,NA,NA,NA,NA,NA,NA,NA,NA,NA,15.48353385925293
4,Principado De Asturias,1982,5.849757299393254,NA,NA,NA,NA,NA,NA,NA,NA,NA,NA,NA,NA,17.84812355041504
4,Principado De Asturias,1983,5.769066155484594,NA,NA,NA,NA,NA,NA,NA,NA,NA,NA,NA,NA,17.3350830078125
4,Principado De Asturias,1984,5.887318066071525,NA,NA,NA,NA,NA,NA,NA,NA,NA,NA,NA,NA,15.750106811523438
4,Principado De Asturias,1985,6.011282543017844,NA,NA,NA,NA,NA,NA,NA,NA,NA,NA,NA,NA,16.305553436279297
4,Principado De Asturias,1986,6.2347900251155925,NA,NA,NA,NA,NA,NA,NA,NA,NA,NA,NA,NA,19.254858016967773
4,Principado De Asturias,1987,6.465295804156402,NA,NA,NA,NA,NA,NA,NA,NA,NA,NA,NA,NA,21.510318756103516
4,Principado De Asturias,1988,6.688160420962315,NA,NA,NA,NA,NA,NA,NA,NA,NA,NA,NA,NA,21.13117218017578
4,Principado De Asturias,1989,6.913524585191062,NA,NA,NA,NA,NA,NA,NA,NA,NA,NA,NA,NA,20.36362075805664
4,Principado De Asturias,1990,6.983147550058242,NA,NA,NA,NA,NA,NA,NA,NA,NA,NA,NA,NA,22.212276458740234
4,Principado De Asturias,1991,7.040631039011176,NA,NA,NA,NA,NA,NA,NA,NA,NA,NA,NA,NA,23.660430908203125
4,Principado De Asturias,1992,6.922807560005177,NA,NA,NA,NA,NA,NA,NA,NA,NA,NA,NA,NA,20.540019989013672
4,Principado De Asturias,1993,6.798343173574292,NA,NA,NA,NA,NA,NA,NA,NA,NA,NA,NA,NA,18.537837982177734
4,Principado De Asturias,1994,6.954155850839492,NA,NA,NA,NA,NA,NA,NA,NA,NA,NA,NA,NA,18.607378005981445
4,Principado De Asturias,1995,7.116466915563188,NA,NA,NA,NA,NA,NA,NA,NA,NA,NA,NA,NA,18.421979904174805
4,Principado De Asturias,1996,7.2172237375537796,NA,NA,NA,NA,NA,NA,NA,NA,NA,NA,NA,NA,NA
4,Principado De Asturias,1997,7.475721396844206,NA,NA,NA,NA,NA,NA,NA,NA,NA,NA,NA,NA,NA
5,Baleares (Islas),1955,3.143958860177784,NA,NA,NA,NA,NA,NA,NA,NA,NA,NA,NA,NA,NA
5,Baleares (Islas),1956,3.3477578357913367,NA,NA,NA,NA,NA,NA,NA,NA,NA,NA,NA,NA,NA
5,Baleares (Islas),1957,3.549628651370256,NA,NA,NA,NA,NA,NA,NA,NA,NA,NA,NA,NA,NA
5,Baleares (Islas),1958,3.6426734869836297,NA,NA,NA,NA,NA,NA,NA,NA,NA,NA,NA,NA,NA
5,Baleares (Islas),1959,3.7348616773555774,NA,NA,NA,NA,NA,NA,NA,NA,NA,NA,NA,NA,NA
5,Baleares (Islas),1960,4.058840505670255,NA,NA,NA,NA,NA,NA,NA,NA,NA,NA,NA,NA,NA
5,Baleares (Islas),1961,4.3602541084801665,16.34000015258789,2.140000104904175,22.15999984741211,7.059999942779541,45.380001068115234,6.929999828338623,NA,NA,NA,NA,NA,NA,NA
5,Baleares (Islas),1962,4.646172696472883,NA,NA,NA,NA,NA,NA,NA,NA,NA,NA,NA,NA,NA
5,Baleares (Islas),1963,4.911525261058225,15.800000190734863,1.940000057220459,20.09000015258789,8.149999618530273,48.290000915527344,5.730000019073486,NA,NA,NA,NA,NA,NA,NA
5,Baleares (Islas),1964,5.050699712888951,NA,NA,NA,NA,NA,NA,48.078617095947266,294.38134765625,14.788241386413574,5.303598403930664,3.3519999980926514,NA,14.179034233093262
5,Baleares (Islas),1965,5.184661507844857,12.510000228881836,2.140000104904175,18.790000915527344,8.880000114440918,52.099998474121094,5.579999923706055,48.017120361328125,296.6788330078125,16.25817108154297,5.512087821960449,3.466468572616577,NA,19.002500534057617
5,Baleares (Islas),1966,5.466795253671942,NA,NA,NA,NA,NA,NA,47.94920349121094,299.2917175292969,17.90406608581543,5.751986026763916,3.5897774696350098,NA,26.25341033935547
5,Baleares (Islas),1967,5.737646386746644,11.010000228881836,2.119999885559082,16.530000686645508,8.600000381469727,54.779998779296875,6.960000038146973,47.875038146972656,302.80609130859375,19.802547454833984,6.02474308013916,3.7353618144989014,NA,29.70153045654297
5,Baleares (Islas),1968,6.161453695986415,NA,NA,NA,NA,NA,NA,47.7947998046875,304.9363098144531,23.670024871826172,6.31135892868042,3.824725866317749,NA,30.761695861816406
5,Baleares (Islas),1969,6.581691032612334,9.989999771118164,2.0399999618530273,13.720000267028809,8.779999732971191,58.209999084472656,7.269999980926514,47.708656311035156,306.78741455078125,27.848173141479492,6.625851154327393,4.11259126663208,104.16999816894531,26.752099990844727
5,Baleares (Islas),1970,6.887032433395146,NA,NA,NA,NA,NA,NA,NA,NA,NA,NA,NA,NA,26.44374656677246
5,Baleares (Islas),1971,7.168666269737665,NA,NA,NA,NA,NA,NA,NA,NA,NA,NA,NA,NA,23.7412166595459
5,Baleares (Islas),1972,7.570693738730899,NA,NA,NA,NA,NA,NA,NA,NA,NA,NA,NA,NA,23.80752182006836
5,Baleares (Islas),1973,7.9562978518414385,NA,NA,NA,NA,NA,NA,NA,NA,NA,NA,NA,NA,23.1038875579834
5,Baleares (Islas),1974,7.972722079405885,NA,NA,NA,NA,NA,NA,NA,NA,NA,NA,NA,NA,23.310558319091797
5,Baleares (Islas),1975,7.974149894115075,NA,NA,NA,NA,NA,NA,NA,NA,NA,NA,NA,NA,22.36857032775879
5,Baleares (Islas),1976,8.034846837845437,NA,NA,NA,NA,NA,NA,NA,NA,NA,NA,NA,NA,19.885923385620117
5,Baleares (Islas),1977,8.080548240402296,NA,NA,NA,NA,NA,NA,NA,NA,NA,NA,NA,NA,18.087942123413086
5,Baleares (Islas),1978,8.041987654754893,NA,NA,NA,NA,NA,NA,NA,NA,NA,NA,NA,NA,17.650239944458008
5,Baleares (Islas),1979,8.00485575549843,NA,NA,NA,NA,NA,NA,NA,NA,NA,NA,NA,NA,17.838848114013672
5,Baleares (Islas),1980,8.259782570493252,NA,NA,NA,NA,NA,NA,NA,NA,NA,NA,NA,NA,18.260583877563477
5,Baleares (Islas),1981,8.531133613052521,NA,NA,NA,NA,NA,NA,NA,NA,NA,NA,NA,NA,14.852619171142578
5,Baleares (Islas),1982,8.7225078548986,NA,NA,NA,NA,NA,NA,NA,NA,NA,NA,NA,NA,13.558525085449219
5,Baleares (Islas),1983,8.925307229463458,NA,NA,NA,NA,NA,NA,NA,NA,NA,NA,NA,NA,11.621108055114746
5,Baleares (Islas),1984,9.27592116538132,NA,NA,NA,NA,NA,NA,NA,NA,NA,NA,NA,NA,10.135469436645508
5,Baleares (Islas),1985,9.652241867836869,NA,NA,NA,NA,NA,NA,NA,NA,NA,NA,NA,NA,11.329048156738281
5,Baleares (Islas),1986,10.257783490431306,NA,NA,NA,NA,NA,NA,NA,NA,NA,NA,NA,NA,16.519567489624023
5,Baleares (Islas),1987,10.823335840987397,NA,NA,NA,NA,NA,NA,NA,NA,NA,NA,NA,NA,21.275497436523438
5,Baleares (Islas),1988,11.120394521766103,NA,NA,NA,NA,NA,NA,NA,NA,NA,NA,NA,NA,25.11395835876465
5,Baleares (Islas),1989,11.408168920208066,NA,NA,NA,NA,NA,NA,NA,NA,NA,NA,NA,NA,24.880889892578125
5,Baleares (Islas),1990,11.51242467274975,NA,NA,NA,NA,NA,NA,NA,NA,NA,NA,NA,NA,23.360876083374023
5,Baleares (Islas),1991,11.679519962767335,NA,NA,NA,NA,NA,NA,NA,NA,NA,NA,NA,NA,20.80740737915039
5,Baleares (Islas),1992,11.319622616194481,NA,NA,NA,NA,NA,NA,NA,NA,NA,NA,NA,NA,18.028039932250977
5,Baleares (Islas),1993,10.969722587631214,NA,NA,NA,NA,NA,NA,NA,NA,NA,NA,NA,NA,14.99909782409668
5,Baleares (Islas),1994,11.419594052926843,NA,NA,NA,NA,NA,NA,NA,NA,NA,NA,NA,NA,17.089862823486328
5,Baleares (Islas),1995,11.773779268981185,NA,NA,NA,NA,NA,NA,NA,NA,NA,NA,NA,NA,17.896915435791016
5,Baleares (Islas),1996,11.926592053498108,NA,NA,NA,NA,NA,NA,NA,NA,NA,NA,NA,NA,NA
5,Baleares (Islas),1997,12.350042844901457,NA,NA,NA,NA,NA,NA,NA,NA,NA,NA,NA,NA,NA
6,Canarias,1955,1.9143815791051888,NA,NA,NA,NA,NA,NA,NA,NA,NA,NA,NA,NA,NA
6,Canarias,1956,2.071836722710922,NA,NA,NA,NA,NA,NA,NA,NA,NA,NA,NA,NA,NA
6,Canarias,1957,2.2260781936187874,NA,NA,NA,NA,NA,NA,NA,NA,NA,NA,NA,NA,NA
6,Canarias,1958,2.220865536743966,NA,NA,NA,NA,NA,NA,NA,NA,NA,NA,NA,NA,NA
6,Canarias,1959,2.213439026140411,NA,NA,NA,NA,NA,NA,NA,NA,NA,NA,NA,NA,NA
6,Canarias,1960,2.3576836148795657,NA,NA,NA,NA,NA,NA,NA,NA,NA,NA,NA,NA,NA
6,Canarias,1961,2.445729791488146,26.209999084472656,9.539999961853027,9.789999961853027,6.179999828338623,40.22999954223633,8.0600004196167,NA,NA,NA,NA,NA,NA,NA
6,Canarias,1962,2.648243254438464,NA,NA,NA,NA,NA,NA,NA,NA,NA,NA,NA,NA,NA
6,Canarias,1963,2.8447586752557306,23.90999984741211,8.420000076293945,9.850000381469727,6.809999942779541,43.9900016784668,7.019999980926514,NA,NA,NA,NA,NA,NA,NA
6,Canarias,1964,2.9511568036225144,NA,NA,NA,NA,NA,NA,134.97756958007812,505.9425964355469,33.26465606689453,10.270918846130371,5.275831699371338,NA,17.02593994140625
6,Canarias,1965,3.0541987393250367,19.43000030517578,8,10.050000190734863,8.680000305175781,46.150001525878906,7.699999809265137,132.24661254882812,512.22369384765625,36.68221664428711,10.887195587158203,5.4749860763549805,NA,20.998964309692383
6,Canarias,1966,3.2317908209958985,NA,NA,NA,NA,NA,NA,129.56369018554688,518.96258544921875,40.50981140136719,11.587664604187012,5.689157962799072,NA,26.67289161682129
6,Canarias,1967,3.4033846426132714,16.18000030517578,6.920000076293945,9.829999923706055,10.399999618530273,47.09000015258789,9.59000015258789,126.92797088623047,527.237548828125,44.923221588134766,12.379798889160156,5.9398345947265625,NA,30.120325088500977
6,Canarias,1968,3.660311531387238,NA,NA,NA,NA,NA,NA,124.3387222290039,532.04315185546875,53.82880783081055,13.228646278381348,6.102113246917725,NA,32.15046310424805
6,Canarias,1969,3.9128821906073714,13.989999771118164,6.210000038146973,9.5600004196167,11.279999732971191,48.93000030517578,10.039999961853027,121.79515838623047,536.16015625,63.47622299194336,14.166869163513184,6.582810401916504,148.25,28.756898880004883
6,Canarias,1970,4.22493554087783,NA,NA,NA,NA,NA,NA,NA,NA,NA,NA,NA,NA,23.960397720336914
6,Canarias,1971,4.493573473985112,NA,NA,NA,NA,NA,NA,NA,NA,NA,NA,NA,NA,23.423873901367188
6,Canarias,1972,4.781919259815276,NA,NA,NA,NA,NA,NA,NA,NA,NA,NA,NA,NA,27.6821231842041
6,Canarias,1973,5.054912986635515,NA,NA,NA,NA,NA,NA,NA,NA,NA,NA,NA,NA,26.56485366821289
6,Canarias,1974,4.967794933171996,NA,NA,NA,NA,NA,NA,NA,NA,NA,NA,NA,NA,23.005142211914062
6,Canarias,1975,4.8815337428703405,NA,NA,NA,NA,NA,NA,NA,NA,NA,NA,NA,NA,20.599346160888672
6,Canarias,1976,4.948443162444659,NA,NA,NA,NA,NA,NA,NA,NA,NA,NA,NA,NA,18.834335327148438
6,Canarias,1977,5.00792628933586,NA,NA,NA,NA,NA,NA,NA,NA,NA,NA,NA,NA,20.29922103881836
6,Canarias,1978,5.0409168285902695,NA,NA,NA,NA,NA,NA,NA,NA,NA,NA,NA,NA,19.84486961364746
6,Canarias,1979,5.233504887275511,NA,NA,NA,NA,NA,NA,NA,NA,NA,NA,NA,NA,18.724138259887695
6,Canarias,1980,5.437089211257721,NA,NA,NA,NA,NA,NA,NA,NA,NA,NA,NA,NA,18.553279876708984
6,Canarias,1981,5.658240537580781,NA,NA,NA,NA,NA,NA,NA,NA,NA,NA,NA,NA,16.641674041748047
6,Canarias,1982,5.687303714703165,NA,NA,NA,NA,NA,NA,NA,NA,NA,NA,NA,NA,16.34113311767578
6,Canarias,1983,5.719865822376643,NA,NA,NA,NA,NA,NA,NA,NA,NA,NA,NA,NA,14.988775253295898
6,Canarias,1984,5.801342351543533,NA,NA,NA,NA,NA,NA,NA,NA,NA,NA,NA,NA,15.761590003967285
6,Canarias,1985,5.88560390390692,NA,NA,NA,NA,NA,NA,NA,NA,NA,NA,NA,NA,19.1585693359375
6,Canarias,1986,6.256783863232157,NA,NA,NA,NA,NA,NA,NA,NA,NA,NA,NA,NA,19.64971351623535
6,Canarias,1987,6.612681933928476,NA,NA,NA,NA,NA,NA,NA,NA,NA,NA,NA,NA,20.71938133239746
6,Canarias,1988,6.977006552117922,NA,NA,NA,NA,NA,NA,NA,NA,NA,NA,NA,NA,24.31443977355957
6,Canarias,1989,7.337903281819035,NA,NA,NA,NA,NA,NA,NA,NA,NA,NA,NA,NA,25.859371185302734
6,Canarias,1990,7.345044098728489,NA,NA,NA,NA,NA,NA,NA,NA,NA,NA,NA,NA,25.51122283935547
6,Canarias,1991,7.3471866924740254,NA,NA,NA,NA,NA,NA,NA,NA,NA,NA,NA,NA,22.896217346191406
6,Canarias,1992,7.220079802813036,NA,NA,NA,NA,NA,NA,NA,NA,NA,NA,NA,NA,20.132097244262695
6,Canarias,1993,7.092187963734692,NA,NA,NA,NA,NA,NA,NA,NA,NA,NA,NA,NA,17.626060485839844
6,Canarias,1994,7.41074013730452,NA,NA,NA,NA,NA,NA,NA,NA,NA,NA,NA,NA,19.966846466064453
6,Canarias,1995,7.616395141287757,NA,NA,NA,NA,NA,NA,NA,NA,NA,NA,NA,NA,19.672521591186523
6,Canarias,1996,7.817051922107077,NA,NA,NA,NA,NA,NA,NA,NA,NA,NA,NA,NA,NA
6,Canarias,1997,8.060554476064874,NA,NA,NA,NA,NA,NA,NA,NA,NA,NA,NA,NA,NA
7,Cantabria,1955,2.5594116925716537,NA,NA,NA,NA,NA,NA,NA,NA,NA,NA,NA,NA,NA
7,Cantabria,1956,2.693873179091688,NA,NA,NA,NA,NA,NA,NA,NA,NA,NA,NA,NA,NA
7,Cantabria,1957,2.8203369855404037,NA,NA,NA,NA,NA,NA,NA,NA,NA,NA,NA,NA,NA
7,Cantabria,1958,2.879034509252937,NA,NA,NA,NA,NA,NA,NA,NA,NA,NA,NA,NA,NA
7,Cantabria,1959,2.943730293018959,NA,NA,NA,NA,NA,NA,NA,NA,NA,NA,NA,NA,NA
7,Cantabria,1960,3.137032259058796,NA,NA,NA,NA,NA,NA,NA,NA,NA,NA,NA,NA,NA
7,Cantabria,1961,3.32762067980577,16.709999084472656,3.180000066757202,37.91999816894531,5.619999885559082,31.68000030517578,4.900000095367432,NA,NA,NA,NA,NA,NA,NA
7,Cantabria,1962,3.5553414356500825,NA,NA,NA,NA,NA,NA,NA,NA,NA,NA,NA,NA,NA
7,Cantabria,1963,3.771422625064714,18.239999771118164,2.940000057220459,36.18000030517578,5.75,32.599998474121094,4.289999961853027,NA,NA,NA,NA,NA,NA,NA
7,Cantabria,1964,3.8394029056709247,NA,NA,NA,NA,NA,NA,9.68474006652832,284.568359375,20.74138069152832,6.544737815856934,2.7377266883850098,NA,25.918975830078125
7,Cantabria,1965,3.9060983273752146,16.209999084472656,2.7799999713897705,36.75,6.289999961853027,33.2400016784668,4.739999771118164,9.56692123413086,286.3302001953125,21.558509826660156,6.8010053634643555,2.7870333194732666,NA,28.163169860839844
7,Cantabria,1966,4.03213348432256,NA,NA,NA,NA,NA,NA,9.450531005859375,288.4150085449219,22.463258743286133,7.095920562744141,2.840991973876953,NA,29.719242095947266
7,Cantabria,1967,4.155955441302485,14.970000267028809,2.690000057220459,35.869998931884766,6.179999828338623,34.58000183105469,5.71999979019165,9.335551261901855,291.33538818359375,23.52452278137207,7.431251049041748,2.909783124923706,NA,28.967601776123047
7,Cantabria,1968,4.375892514945507,NA,NA,NA,NA,NA,NA,9.221964836120605,292.6831970214844,26.64043426513672,7.783541202545166,2.9324495792388916,NA,29.937923431396484
7,Cantabria,1969,4.610825565602909,13.479999542236328,2.880000114440918,35.93000030517578,6.039999961853027,35.31999969482422,6.340000152587891,9.109755516052246,294.0982360839844,29.710376739501953,8.170063018798828,3.103301525115967,87.38999938964844,31.720355987548828
7,Cantabria,1970,4.791416668340296,NA,NA,NA,NA,NA,NA,NA,NA,NA,NA,NA,NA,27.29768180847168
7,Cantabria,1971,4.969651615302994,NA,NA,NA,NA,NA,NA,NA,NA,NA,NA,NA,NA,24.146263122558594
7,Cantabria,1972,5.155384332852444,NA,NA,NA,NA,NA,NA,NA,NA,NA,NA,NA,NA,26.64632797241211
7,Cantabria,1973,5.3387604587863295,NA,NA,NA,NA,NA,NA,NA,NA,NA,NA,NA,NA,25.935792922973633
7,Cantabria,1974,5.5083548603858725,NA,NA,NA,NA,NA,NA,NA,NA,NA,NA,NA,NA,27.251741409301758
7,Cantabria,1975,5.675235716692552,NA,NA,NA,NA,NA,NA,NA,NA,NA,NA,NA,NA,25.418333053588867
7,Cantabria,1976,5.7960582167650765,NA,NA,NA,NA,NA,NA,NA,NA,NA,NA,NA,NA,23.322269439697266
7,Cantabria,1977,5.902956472536864,NA,NA,NA,NA,NA,NA,NA,NA,NA,NA,NA,NA,21.72188377380371
7,Cantabria,1978,5.916595241063938,NA,NA,NA,NA,NA,NA,NA,NA,NA,NA,NA,NA,20.854923248291016
7,Cantabria,1979,5.906455403087957,NA,NA,NA,NA,NA,NA,NA,NA,NA,NA,NA,NA,19.3349609375
7,Cantabria,1980,5.899100152467599,NA,NA,NA,NA,NA,NA,NA,NA,NA,NA,NA,NA,19.4796085357666
7,Cantabria,1981,5.914881514740208,NA,NA,NA,NA,NA,NA,NA,NA,NA,NA,NA,NA,23.029748916625977
7,Cantabria,1982,5.916880716837601,NA,NA,NA,NA,NA,NA,NA,NA,NA,NA,NA,NA,20.204233169555664
7,Cantabria,1983,5.941659578150663,NA,NA,NA,NA,NA,NA,NA,NA,NA,NA,NA,NA,18.771089553833008
7,Cantabria,1984,6.028849109517816,NA,NA,NA,NA,NA,NA,NA,NA,NA,NA,NA,NA,18.228492736816406
7,Cantabria,1985,6.138317518934323,NA,NA,NA,NA,NA,NA,NA,NA,NA,NA,NA,NA,19.651626586914062
7,Cantabria,1986,6.420451264761408,NA,NA,NA,NA,NA,NA,NA,NA,NA,NA,NA,NA,17.644136428833008
7,Cantabria,1987,6.71322475804904,NA,NA,NA,NA,NA,NA,NA,NA,NA,NA,NA,NA,20.147462844848633
7,Cantabria,1988,7.023421862029376,NA,NA,NA,NA,NA,NA,NA,NA,NA,NA,NA,NA,20.374563217163086
7,Cantabria,1989,7.333618966009712,NA,NA,NA,NA,NA,NA,NA,NA,NA,NA,NA,NA,22.837852478027344
7,Cantabria,1990,7.450728537661115,NA,NA,NA,NA,NA,NA,NA,NA,NA,NA,NA,NA,22.03008460998535
7,Cantabria,1991,7.596401376950336,NA,NA,NA,NA,NA,NA,NA,NA,NA,NA,NA,NA,20.610095977783203
7,Cantabria,1992,7.462153670379892,NA,NA,NA,NA,NA,NA,NA,NA,NA,NA,NA,NA,21.629261016845703
7,Cantabria,1993,7.327905963809448,NA,NA,NA,NA,NA,NA,NA,NA,NA,NA,NA,NA,23.065216064453125
7,Cantabria,1994,7.550699974393478,NA,NA,NA,NA,NA,NA,NA,NA,NA,NA,NA,NA,21.568395614624023
7,Cantabria,1995,7.777063521750483,NA,NA,NA,NA,NA,NA,NA,NA,NA,NA,NA,NA,22.591121673583984
7,Cantabria,1996,7.907740819866199,NA,NA,NA,NA,NA,NA,NA,NA,NA,NA,NA,NA,NA
7,Cantabria,1997,8.226934987046112,NA,NA,NA,NA,NA,NA,NA,NA,NA,NA,NA,NA,NA
8,Castilla Y Leon,1955,1.7291487710403055,NA,NA,NA,NA,NA,NA,NA,NA,NA,NA,NA,NA,NA
8,Castilla Y Leon,1956,1.8383319226035866,NA,NA,NA,NA,NA,NA,NA,NA,NA,NA,NA,NA,NA
8,Castilla Y Leon,1957,1.9476578120536991,NA,NA,NA,NA,NA,NA,NA,NA,NA,NA,NA,NA,NA
8,Castilla Y Leon,1958,1.971365376493993,NA,NA,NA,NA,NA,NA,NA,NA,NA,NA,NA,NA,NA
8,Castilla Y Leon,1959,1.9951442009174836,NA,NA,NA,NA,NA,NA,NA,NA,NA,NA,NA,NA,NA
8,Castilla Y Leon,1960,2.1388174022684368,NA,NA,NA,NA,NA,NA,NA,NA,NA,NA,NA,NA,NA
8,Castilla Y Leon,1961,2.239502964275832,32.54999923706055,9.010000228881836,16.049999237060547,6.170000076293945,29.139999389648438,7.079999923706055,NA,NA,NA,NA,NA,NA,NA
8,Castilla Y Leon,1962,2.4542273810440323,NA,NA,NA,NA,NA,NA,NA,NA,NA,NA,NA,NA,NA
8,Castilla Y Leon,1963,2.6722365125728587,33.22999954223633,8.170000076293945,15.75,6.639999866485596,29.709999084472656,6.5,NA,NA,NA,NA,NA,NA,NA
8,Castilla Y Leon,1964,2.777777777777778,NA,NA,NA,NA,NA,NA,110.66909790039062,1800.78466796875,90.27098846435547,33.668914794921875,19.03175926208496,NA,18.74283218383789
8,Castilla Y Leon,1965,2.8821764861267316,30.520000457763672,7.849999904632568,16.360000610351562,7.369999885559082,30.610000610351562,7.28000020980835,108.55718231201172,1784.606201171875,93.0149154663086,35.059444427490234,19.050600051879883,NA,19.859060287475586
8,Castilla Y Leon,1966,2.9880749229293864,NA,NA,NA,NA,NA,NA,106.48135375976562,1770.7864990234375,96.0362777709961,36.65673065185547,19.08295249938965,NA,19.3095703125
8,Castilla Y Leon,1967,3.0945443112793667,27.020000457763672,7.239999771118164,16.760000228881836,7.699999809265137,32.130001068115234,9.149999618530273,104.44102478027344,1762.4517822265625,99.6097412109375,38.47145080566406,19.19377326965332,NA,18.868968963623047
8,Castilla Y Leon,1968,3.3022708669453817,NA,NA,NA,NA,NA,NA,102.43562316894531,1748.3572998046875,111.6639633178711,40.38356399536133,18.98243522644043,NA,19.4028263092041
8,Castilla Y Leon,1969,3.520993905828804,25.270000457763672,6.820000171661377,17.450000762939453,7.840000152587891,32.630001068115234,9.989999771118164,100.46458435058594,1734.585693359375,123.20368957519531,42.48379898071289,19.69904136657715,28.770000457763672,21.731796264648438
8,Castilla Y Leon,1970,3.6705228472668527,NA,NA,NA,NA,NA,NA,NA,NA,NA,NA,NA,NA,22.323556900024414
8,Castilla Y Leon,1971,3.8218367750118274,NA,NA,NA,NA,NA,NA,NA,NA,NA,NA,NA,NA,21.873647689819336
8,Castilla Y Leon,1972,4.081762249011444,NA,NA,NA,NA,NA,NA,NA,NA,NA,NA,NA,NA,22.725433349609375
8,Castilla Y Leon,1973,4.345401523113932,NA,NA,NA,NA,NA,NA,NA,NA,NA,NA,NA,NA,25.28642463684082
8,Castilla Y Leon,1974,4.464724294732755,NA,NA,NA,NA,NA,NA,NA,NA,NA,NA,NA,NA,26.28277587890625
8,Castilla Y Leon,1975,4.581119523188687,NA,NA,NA,NA,NA,NA,NA,NA,NA,NA,NA,NA,26.27814483642578
8,Castilla Y Leon,1976,4.732719362548201,NA,NA,NA,NA,NA,NA,NA,NA,NA,NA,NA,NA,26.548519134521484
8,Castilla Y Leon,1977,4.884675719744136,NA,NA,NA,NA,NA,NA,NA,NA,NA,NA,NA,NA,25.169103622436523
8,Castilla Y Leon,1978,4.946800914024565,NA,NA,NA,NA,NA,NA,NA,NA,NA,NA,NA,NA,24.402254104614258
8,Castilla Y Leon,1979,4.920379804291408,NA,NA,NA,NA,NA,NA,NA,NA,NA,NA,NA,NA,23.97570037841797
8,Castilla Y Leon,1980,4.893744696688223,NA,NA,NA,NA,NA,NA,NA,NA,NA,NA,NA,NA,26.638931274414062
8,Castilla Y Leon,1981,4.881033833385774,NA,NA,NA,NA,NA,NA,NA,NA,NA,NA,NA,NA,27.162548065185547
8,Castilla Y Leon,1982,4.923093349584271,NA,NA,NA,NA,NA,NA,NA,NA,NA,NA,NA,NA,27.614774703979492
8,Castilla Y Leon,1983,4.9707224763348865,NA,NA,NA,NA,NA,NA,NA,NA,NA,NA,NA,NA,25.46177864074707
8,Castilla Y Leon,1984,5.113467772461217,NA,NA,NA,NA,NA,NA,NA,NA,NA,NA,NA,NA,22.63028335571289
8,Castilla Y Leon,1985,5.2619966770096935,NA,NA,NA,NA,NA,NA,NA,NA,NA,NA,NA,NA,24.710142135620117
8,Castilla Y Leon,1986,5.6473148785056955,NA,NA,NA,NA,NA,NA,NA,NA,NA,NA,NA,NA,19.70412826538086
8,Castilla Y Leon,1987,6.044630035949551,NA,NA,NA,NA,NA,NA,NA,NA,NA,NA,NA,NA,19.08928871154785
8,Castilla Y Leon,1988,6.354398708348954,NA,NA,NA,NA,NA,NA,NA,NA,NA,NA,NA,NA,20.94057846069336
8,Castilla Y Leon,1989,6.674021742950675,NA,NA,NA,NA,NA,NA,NA,NA,NA,NA,NA,NA,22.784252166748047
8,Castilla Y Leon,1990,6.870322730057038,NA,NA,NA,NA,NA,NA,NA,NA,NA,NA,NA,NA,23.498321533203125
8,Castilla Y Leon,1991,7.063196264515942,NA,NA,NA,NA,NA,NA,NA,NA,NA,NA,NA,NA,22.53342628479004
8,Castilla Y Leon,1992,7.045487178049576,NA,NA,NA,NA,NA,NA,NA,NA,NA,NA,NA,NA,24.074237823486328
8,Castilla Y Leon,1993,7.027635135775939,NA,NA,NA,NA,NA,NA,NA,NA,NA,NA,NA,NA,21.942949295043945
8,Castilla Y Leon,1994,7.074264443557421,NA,NA,NA,NA,NA,NA,NA,NA,NA,NA,NA,NA,22.298885345458984
8,Castilla Y Leon,1995,7.282919340288935,NA,NA,NA,NA,NA,NA,NA,NA,NA,NA,NA,NA,22.38030242919922
8,Castilla Y Leon,1996,7.61139691812384,NA,NA,NA,NA,NA,NA,NA,NA,NA,NA,NA,NA,NA
8,Castilla Y Leon,1997,7.888460091201622,NA,NA,NA,NA,NA,NA,NA,NA,NA,NA,NA,NA,NA
9,Castilla-La Mancha,1955,1.327763513577594,NA,NA,NA,NA,NA,NA,NA,NA,NA,NA,NA,NA,NA
9,Castilla-La Mancha,1956,1.4150956738713605,NA,NA,NA,NA,NA,NA,NA,NA,NA,NA,NA,NA,NA
9,Castilla-La Mancha,1957,1.5035703910210922,NA,NA,NA,NA,NA,NA,NA,NA,NA,NA,NA,NA,NA
9,Castilla-La Mancha,1958,1.531419642344096,NA,NA,NA,NA,NA,NA,NA,NA,NA,NA,NA,NA,NA
9,Castilla-La Mancha,1959,1.5593401536502964,NA,NA,NA,NA,NA,NA,NA,NA,NA,NA,NA,NA,NA
9,Castilla-La Mancha,1960,1.6675235952046625,NA,NA,NA,NA,NA,NA,NA,NA,NA,NA,NA,NA,NA
9,Castilla-La Mancha,1961,1.752427903899667,42.130001068115234,5.090000152587891,16.1299991607666,4.789999961853027,26.389999389648438,5.46999979019165,NA,NA,NA,NA,NA,NA,NA
9,Castilla-La Mancha,1962,1.9204513170623128,NA,NA,NA,NA,NA,NA,NA,NA,NA,NA,NA,NA,NA
9,Castilla-La Mancha,1963,2.091902400792854,41.540000915527344,4.579999923706055,16.239999771118164,5.110000133514404,27.3700008392334,5.159999847412109,NA,NA,NA,NA,NA,NA,NA
9,Castilla-La Mancha,1964,2.1825906447906624,NA,NA,NA,NA,NA,NA,274.36865234375,1067.6390380859375,26.89621925354004,13.680737495422363,5.951488018035889,NA,14.950511932373047
9,Castilla-La Mancha,1965,2.2747071393385374,35.060001373291016,5.320000171661377,17.520000457763672,5.96999979019165,30.1299991607666,6,266.18316650390625,1052.4351806640625,28.610898971557617,14.652714729309082,6.071892738342285,NA,16.507898330688477
9,Castilla-La Mancha,1966,2.378391940332896,NA,NA,NA,NA,NA,NA,258.1632995605469,1038.8385009765625,30.522987365722656,15.753448486328125,6.203178405761719,NA,17.885257720947266
9,Castilla-La Mancha,1967,2.482362217100918,31.579999923706055,5.349999904632568,18.200000762939453,6.269999980926514,31.100000381469727,7.5,250.30609130859375,1028.9505615234375,32.742122650146484,16.99620819091797,6.367713451385498,NA,18.646835327148438
9,Castilla-La Mancha,1968,2.7090831539760964,NA,NA,NA,NA,NA,NA,242.60870361328125,1017.6156005859375,37.997737884521484,18.335750579833984,6.432041168212891,NA,18.718259811401367
9,Castilla-La Mancha,1969,2.9474436572809557,30.1200008392334,5.559999942779541,17.799999237060547,6.909999847412109,31.200000762939453,8.399999618530273,235.06832885742188,1006.1373291015625,43.44729232788086,19.819503784179688,6.822675704956055,22.3799991607666,21.115375518798828
9,Castilla-La Mancha,1970,3.1368895211719643,NA,NA,NA,NA,NA,NA,NA,NA,NA,NA,NA,NA,22.89441680908203
9,Castilla-La Mancha,1971,3.319622999734451,NA,NA,NA,NA,NA,NA,NA,NA,NA,NA,NA,NA,23.189821243286133
9,Castilla-La Mancha,1972,3.6291774563433887,NA,NA,NA,NA,NA,NA,NA,NA,NA,NA,NA,NA,23.915504455566406
9,Castilla-La Mancha,1973,3.946086727731809,NA,NA,NA,NA,NA,NA,NA,NA,NA,NA,NA,NA,27.124425888061523
9,Castilla-La Mancha,1974,4.028134644286901,NA,NA,NA,NA,NA,NA,NA,NA,NA,NA,NA,NA,26.91580581665039
9,Castilla-La Mancha,1975,4.111968200910232,NA,NA,NA,NA,NA,NA,NA,NA,NA,NA,NA,NA,26.213130950927734
9,Castilla-La Mancha,1976,4.260711103328736,NA,NA,NA,NA,NA,NA,NA,NA,NA,NA,NA,NA,25.093284606933594
9,Castilla-La Mancha,1977,4.412167986880981,NA,NA,NA,NA,NA,NA,NA,NA,NA,NA,NA,NA,25.308496475219727
9,Castilla-La Mancha,1978,4.446300865070918,NA,NA,NA,NA,NA,NA,NA,NA,NA,NA,NA,NA,26.266935348510742
9,Castilla-La Mancha,1979,4.408740534233523,NA,NA,NA,NA,NA,NA,NA,NA,NA,NA,NA,NA,25.890609741210938
9,Castilla-La Mancha,1980,4.328763297679458,NA,NA,NA,NA,NA,NA,NA,NA,NA,NA,NA,NA,27.101608276367188
9,Castilla-La Mancha,1981,4.261282490716939,NA,NA,NA,NA,NA,NA,NA,NA,NA,NA,NA,NA,25.689537048339844
9,Castilla-La Mancha,1982,4.34318745146476,NA,NA,NA,NA,NA,NA,NA,NA,NA,NA,NA,NA,28.041284561157227
9,Castilla-La Mancha,1983,4.424664416472526,NA,NA,NA,NA,NA,NA,NA,NA,NA,NA,NA,NA,28.022920608520508
9,Castilla-La Mancha,1984,4.550057143968911,NA,NA,NA,NA,NA,NA,NA,NA,NA,NA,NA,NA,26.228910446166992
9,Castilla-La Mancha,1985,4.677663507273592,NA,NA,NA,NA,NA,NA,NA,NA,NA,NA,NA,NA,21.167423248291016
9,Castilla-La Mancha,1986,4.980648316440838,NA,NA,NA,NA,NA,NA,NA,NA,NA,NA,NA,NA,27.07257652282715
9,Castilla-La Mancha,1987,5.295558603652305,NA,NA,NA,NA,NA,NA,NA,NA,NA,NA,NA,NA,27.375286102294922
9,Castilla-La Mancha,1988,5.6778777840817805,NA,NA,NA,NA,NA,NA,NA,NA,NA,NA,NA,NA,28.907299041748047
9,Castilla-La Mancha,1989,6.065338579323319,NA,NA,NA,NA,NA,NA,NA,NA,NA,NA,NA,NA,28.87522315979004
9,Castilla-La Mancha,1990,6.279420130799682,NA,NA,NA,NA,NA,NA,NA,NA,NA,NA,NA,NA,27.88456916809082
9,Castilla-La Mancha,1991,6.474507301066883,NA,NA,NA,NA,NA,NA,NA,NA,NA,NA,NA,NA,29.47135353088379
9,Castilla-La Mancha,1992,6.33069114390866,NA,NA,NA,NA,NA,NA,NA,NA,NA,NA,NA,NA,29.366806030273438
9,Castilla-La Mancha,1993,6.188589148915042,NA,NA,NA,NA,NA,NA,NA,NA,NA,NA,NA,NA,28.260452270507812
9,Castilla-La Mancha,1994,6.230934140887202,NA,NA,NA,NA,NA,NA,NA,NA,NA,NA,NA,NA,24.734580993652344
9,Castilla-La Mancha,1995,6.328763419714903,NA,NA,NA,NA,NA,NA,NA,NA,NA,NA,NA,NA,25.941932678222656
9,Castilla-La Mancha,1996,6.614396096093081,NA,NA,NA,NA,NA,NA,NA,NA,NA,NA,NA,NA,NA
9,Castilla-La Mancha,1997,6.865395548955879,NA,NA,NA,NA,NA,NA,NA,NA,NA,NA,NA,NA,NA
10,Cataluna,1955,3.5466296303037304,NA,NA,NA,NA,NA,NA,NA,NA,NA,NA,NA,NA,NA
10,Cataluna,1956,3.6904455695415153,NA,NA,NA,NA,NA,NA,NA,NA,NA,NA,NA,NA,NA
10,Cataluna,1957,3.8268349981757446,NA,NA,NA,NA,NA,NA,NA,NA,NA,NA,NA,NA,NA
10,Cataluna,1958,3.8756783776063983,NA,NA,NA,NA,NA,NA,NA,NA,NA,NA,NA,NA,NA
10,Cataluna,1959,3.9217367338405547,NA,NA,NA,NA,NA,NA,NA,NA,NA,NA,NA,NA,NA
10,Cataluna,1960,4.241788200023208,NA,NA,NA,NA,NA,NA,NA,NA,NA,NA,NA,NA,NA
10,Cataluna,1961,4.575335478925664,8.239999771118164,2.890000104904175,41.61000061035156,5.550000190734863,37.29999923706055,4.420000076293945,NA,NA,NA,NA,NA,NA,NA
10,Cataluna,1962,4.838046411962654,NA,NA,NA,NA,NA,NA,NA,NA,NA,NA,NA,NA,NA
10,Cataluna,1963,5.081334096368672,8.279999732971191,2.7200000286102295,39.939998626708984,6.429999828338623,38.83000183105469,3.7899999618530273,NA,NA,NA,NA,NA,NA,NA
10,Cataluna,1964,5.158097878145307,NA,NA,NA,NA,NA,NA,262.8168640136719,2749.12109375,168.8489227294922,55.79050827026367,29.560657501220703,NA,16.561443328857422
10,Cataluna,1965,5.223650525073194,6.769999980926514,2.859999895095825,40.290000915527344,7.28000020980835,38.849998474121094,3.9600000381469727,269.1358337402344,2798.28125,181.37644958496094,58.43568801879883,30.540815353393555,NA,20.03888702392578
10,Cataluna,1966,5.3324765050387395,NA,NA,NA,NA,NA,NA,275.2478942871094,2851.96044921875,195.36878967285156,61.460968017578125,31.597230911254883,NA,23.868471145629883
10,Cataluna,1967,5.4294489207045755,5.690000057220459,2.930000066757202,39.47999954223633,7.099999904632568,40.130001068115234,4.670000076293945,281.1573181152344,2915.717529296875,211.56886291503906,64.89152526855469,32.84785842895508,NA,24.7314453125
10,Cataluna,1968,5.674378853530688,NA,NA,NA,NA,NA,NA,286.8683776855469,2966.74462890625,247.83291625976562,68.531402587890625,33.60255432128906,NA,25.75998878479004
10,Cataluna,1969,5.915523944191169,5.699999809265137,3,38.959999084472656,7.170000076293945,40.22999954223633,4.940000057220459,292.3851318359375,3018.345458984375,285.9969177246094,72.539794921875,36.098548889160156,153.1199951171875,24.162046432495117
10,Cataluna,1970,6.066837871936143,NA,NA,NA,NA,NA,NA,NA,NA,NA,NA,NA,NA,21.503990173339844
10,Cataluna,1971,6.227649208206138,NA,NA,NA,NA,NA,NA,NA,NA,NA,NA,NA,NA,20.95172691345215
10,Cataluna,1972,6.539060129025636,NA,NA,NA,NA,NA,NA,NA,NA,NA,NA,NA,NA,23.331222534179688
10,Cataluna,1973,6.837975056094464,NA,NA,NA,NA,NA,NA,NA,NA,NA,NA,NA,NA,24.659536361694336
10,Cataluna,1974,6.987360823804806,NA,NA,NA,NA,NA,NA,NA,NA,NA,NA,NA,NA,24.100830078125
10,Cataluna,1975,7.124893027215439,NA,NA,NA,NA,NA,NA,NA,NA,NA,NA,NA,NA,21.188642501831055
10,Cataluna,1976,7.135389818868717,NA,NA,NA,NA,NA,NA,NA,NA,NA,NA,NA,NA,20.411291122436523
10,Cataluna,1977,7.1429590673591035,NA,NA,NA,NA,NA,NA,NA,NA,NA,NA,NA,NA,18.50701332092285
10,Cataluna,1978,7.019351544090082,NA,NA,NA,NA,NA,NA,NA,NA,NA,NA,NA,NA,18.50644874572754
10,Cataluna,1979,7.010996910341466,NA,NA,NA,NA,NA,NA,NA,NA,NA,NA,NA,NA,17.6833438873291
10,Cataluna,1980,7.078834670981283,NA,NA,NA,NA,NA,NA,NA,NA,NA,NA,NA,NA,15.899486541748047
10,Cataluna,1981,7.1822335603611025,NA,NA,NA,NA,NA,NA,NA,NA,NA,NA,NA,NA,13.670280456542969
10,Cataluna,1982,7.287203656098258,NA,NA,NA,NA,NA,NA,NA,NA,NA,NA,NA,NA,13.79057788848877
10,Cataluna,1983,7.397886318194802,NA,NA,NA,NA,NA,NA,NA,NA,NA,NA,NA,NA,15.848426818847656
10,Cataluna,1984,7.48429002846285,NA,NA,NA,NA,NA,NA,NA,NA,NA,NA,NA,NA,13.64179801940918
10,Cataluna,1985,7.569979831376304,NA,NA,NA,NA,NA,NA,NA,NA,NA,NA,NA,NA,13.110871315002441
10,Cataluna,1986,8.077691739302164,NA,NA,NA,NA,NA,NA,NA,NA,NA,NA,NA,NA,14.905304908752441
10,Cataluna,1987,8.583975832518835,NA,NA,NA,NA,NA,NA,NA,NA,NA,NA,NA,NA,18.18267250061035
10,Cataluna,1988,9.057412342288364,NA,NA,NA,NA,NA,NA,NA,NA,NA,NA,NA,NA,17.659826278686523
10,Cataluna,1989,9.525849757212226,NA,NA,NA,NA,NA,NA,NA,NA,NA,NA,NA,NA,18.41895866394043
10,Cataluna,1990,9.785061759698122,NA,NA,NA,NA,NA,NA,NA,NA,NA,NA,NA,NA,18.870548248291016
10,Cataluna,1991,10.050699800057128,NA,NA,NA,NA,NA,NA,NA,NA,NA,NA,NA,NA,19.47724151611328
10,Cataluna,1992,9.837903107482685,NA,NA,NA,NA,NA,NA,NA,NA,NA,NA,NA,NA,21.09418296813965
10,Cataluna,1993,9.625107286589992,NA,NA,NA,NA,NA,NA,NA,NA,NA,NA,NA,NA,18.31882095336914
10,Cataluna,1994,10.00642708389121,NA,NA,NA,NA,NA,NA,NA,NA,NA,NA,NA,NA,17.802997589111328
10,Cataluna,1995,10.339902884890032,NA,NA,NA,NA,NA,NA,NA,NA,NA,NA,NA,NA,18.38096809387207
10,Cataluna,1996,10.576263750256624,NA,NA,NA,NA,NA,NA,NA,NA,NA,NA,NA,NA,NA
10,Cataluna,1997,11.045415944216831,NA,NA,NA,NA,NA,NA,NA,NA,NA,NA,NA,NA,NA
11,Comunidad Valenciana,1955,2.575978222182055,NA,NA,NA,NA,NA,NA,NA,NA,NA,NA,NA,NA,NA
11,Comunidad Valenciana,1956,2.7385032847757786,NA,NA,NA,NA,NA,NA,NA,NA,NA,NA,NA,NA,NA
11,Comunidad Valenciana,1957,2.8998857905135367,NA,NA,NA,NA,NA,NA,NA,NA,NA,NA,NA,NA,NA
11,Comunidad Valenciana,1958,2.963510495327228,NA,NA,NA,NA,NA,NA,NA,NA,NA,NA,NA,NA,NA
11,Comunidad Valenciana,1959,3.0262068590754208,NA,NA,NA,NA,NA,NA,NA,NA,NA,NA,NA,NA,NA
11,Comunidad Valenciana,1960,3.2192943914043535,NA,NA,NA,NA,NA,NA,NA,NA,NA,NA,NA,NA,NA
11,Comunidad Valenciana,1961,3.3624679011911778,23.649999618530273,3.0199999809265137,27.68000030517578,4.53000020980835,36.18000030517578,4.960000038146973,NA,NA,NA,NA,NA,NA,NA
11,Comunidad Valenciana,1962,3.5699800231462886,NA,NA,NA,NA,NA,NA,NA,NA,NA,NA,NA,NA,NA
11,Comunidad Valenciana,1963,3.7652101492207586,21.780000686645508,2.75,27.209999084472656,5.420000076293945,38.33000183105469,4.5,NA,NA,NA,NA,NA,NA,NA
11,Comunidad Valenciana,1964,3.8236930213019495,NA,NA,NA,NA,NA,NA,265.3523864746094,1625.753662109375,84.96979522705078,29.60553550720215,15.68320369720459,NA,19.699119567871094
11,Comunidad Valenciana,1965,3.8741786491526975,18.270000457763672,2.5999999046325684,28.18000030517578,6.670000076293945,39.2400016784668,5.050000190734863,266.08099365234375,1650.5283203125,89.93311309814453,31.188289642333984,16.073440551757812,NA,21.873008728027344
11,Comunidad Valenciana,1966,3.9781489259207192,NA,NA,NA,NA,NA,NA,266.74658203125,1677.83056640625,95.46205139160156,32.992431640625,16.496591567993164,NA,24.02678108215332
11,Comunidad Valenciana,1967,4.073407615262827,15.479999542236328,2.430000066757202,28.639999389648438,6.880000114440918,40.5,6.070000171661377,267.3506774902344,1711.1072998046875,101.888916015625,35.03525924682617,17.012907028198242,NA,24.681190490722656
11,Comunidad Valenciana,1968,4.279777398282411,NA,NA,NA,NA,NA,NA,267.8947448730469,1738.7147216796875,117.65083312988281,37.214332580566406,17.2655029296875,NA,25.757274627685547
11,Comunidad Valenciana,1969,4.4862897012683876,13.729999542236328,2.690000057220459,28.520000457763672,7.349999904632568,41.06999969482422,6.639999866485596,268.3802185058594,1766.7681884765625,133.849853515625,39.6187858581543,18.400989532470703,128.6999969482422,26.178804397583008
11,Comunidad Valenciana,1970,4.654741328091528,NA,NA,NA,NA,NA,NA,NA,NA,NA,NA,NA,NA,24.841054916381836
11,Comunidad Valenciana,1971,4.8171238707188575,NA,NA,NA,NA,NA,NA,NA,NA,NA,NA,NA,NA,23.19965171813965
11,Comunidad Valenciana,1972,5.138889063225239,NA,NA,NA,NA,NA,NA,NA,NA,NA,NA,NA,NA,23.70172691345215
11,Comunidad Valenciana,1973,5.449371642979238,NA,NA,NA,NA,NA,NA,NA,NA,NA,NA,NA,NA,25.942188262939453
11,Comunidad Valenciana,1974,5.557983625074756,NA,NA,NA,NA,NA,NA,NA,NA,NA,NA,NA,NA,26.42745018005371
11,Comunidad Valenciana,1975,5.65595542386885,NA,NA,NA,NA,NA,NA,NA,NA,NA,NA,NA,NA,25.305294036865234
11,Comunidad Valenciana,1976,5.761353951186938,NA,NA,NA,NA,NA,NA,NA,NA,NA,NA,NA,NA,24.597497940063477
11,Comunidad Valenciana,1977,5.861039912145637,NA,NA,NA,NA,NA,NA,NA,NA,NA,NA,NA,NA,23.189163208007812
11,Comunidad Valenciana,1978,5.810911237972187,NA,NA,NA,NA,NA,NA,NA,NA,NA,NA,NA,NA,22.090478897094727
11,Comunidad Valenciana,1979,5.7754926291985775,NA,NA,NA,NA,NA,NA,NA,NA,NA,NA,NA,NA,20.74976921081543
11,Comunidad Valenciana,1980,5.790988079856648,NA,NA,NA,NA,NA,NA,NA,NA,NA,NA,NA,NA,21.211227416992188
11,Comunidad Valenciana,1981,5.899671539855801,NA,NA,NA,NA,NA,NA,NA,NA,NA,NA,NA,NA,19.330944061279297
11,Comunidad Valenciana,1982,6.018137884153635,NA,NA,NA,NA,NA,NA,NA,NA,NA,NA,NA,NA,18.84581184387207
11,Comunidad Valenciana,1983,6.139817247388024,NA,NA,NA,NA,NA,NA,NA,NA,NA,NA,NA,NA,19.31968879699707
11,Comunidad Valenciana,1984,6.2368607051166185,NA,NA,NA,NA,NA,NA,NA,NA,NA,NA,NA,NA,17.531343460083008
11,Comunidad Valenciana,1985,6.336118234494386,NA,NA,NA,NA,NA,NA,NA,NA,NA,NA,NA,NA,17.12078285217285
11,Comunidad Valenciana,1986,6.739360392008534,NA,NA,NA,NA,NA,NA,NA,NA,NA,NA,NA,NA,18.420791625976562
11,Comunidad Valenciana,1987,7.144387317909169,NA,NA,NA,NA,NA,NA,NA,NA,NA,NA,NA,NA,19.756738662719727
11,Comunidad Valenciana,1988,7.560697292403064,NA,NA,NA,NA,NA,NA,NA,NA,NA,NA,NA,NA,22.37799835205078
11,Comunidad Valenciana,1989,7.969151670951157,NA,NA,NA,NA,NA,NA,NA,NA,NA,NA,NA,NA,23.738317489624023
11,Comunidad Valenciana,1990,8.138388683032527,NA,NA,NA,NA,NA,NA,NA,NA,NA,NA,NA,NA,24.6734676361084
11,Comunidad Valenciana,1991,8.306197880404707,NA,NA,NA,NA,NA,NA,NA,NA,NA,NA,NA,NA,22.754302978515625
11,Comunidad Valenciana,1992,8.080548240402296,NA,NA,NA,NA,NA,NA,NA,NA,NA,NA,NA,NA,21.461605072021484
11,Comunidad Valenciana,1993,7.857041194145423,NA,NA,NA,NA,NA,NA,NA,NA,NA,NA,NA,NA,20.18417739868164
11,Comunidad Valenciana,1994,8.068409200328924,NA,NA,NA,NA,NA,NA,NA,NA,NA,NA,NA,NA,20.61516761779785
11,Comunidad Valenciana,1995,8.289060617167417,NA,NA,NA,NA,NA,NA,NA,NA,NA,NA,NA,NA,21.7886962890625
11,Comunidad Valenciana,1996,8.429734361610969,NA,NA,NA,NA,NA,NA,NA,NA,NA,NA,NA,NA,NA
11,Comunidad Valenciana,1997,8.7253643559987335,NA,NA,NA,NA,NA,NA,NA,NA,NA,NA,NA,NA,NA
12,Extremadura,1955,1.243430483310572,NA,NA,NA,NA,NA,NA,NA,NA,NA,NA,NA,NA,NA
12,Extremadura,1956,1.332547847831702,NA,NA,NA,NA,NA,NA,NA,NA,NA,NA,NA,NA,NA
12,Extremadura,1957,1.422450706571281,NA,NA,NA,NA,NA,NA,NA,NA,NA,NA,NA,NA,NA
12,Extremadura,1958,1.4402313799015014,NA,NA,NA,NA,NA,NA,NA,NA,NA,NA,NA,NA,NA
12,Extremadura,1959,1.4580834221751375,NA,NA,NA,NA,NA,NA,NA,NA,NA,NA,NA,NA,NA
12,Extremadura,1960,1.5358469139606876,NA,NA,NA,NA,NA,NA,NA,NA,NA,NA,NA,NA,NA
12,Extremadura,1961,1.5962581639969495,46.5,1.600000023841858,10.699999809265137,7.989999771118164,26.610000610351562,6.610000133514404,NA,NA,NA,NA,NA,NA,NA
12,Extremadura,1962,1.705584162407281,NA,NA,NA,NA,NA,NA,NA,NA,NA,NA,NA,NA,NA
12,Extremadura,1963,1.817694966093672,42.45000076293945,1.9700000286102295,10.970000267028809,8.180000305175781,30.1299991607666,6.309999942779541,NA,NA,NA,NA,NA,NA,NA
12,Extremadura,1964,1.8828192904008454,NA,NA,NA,NA,NA,NA,198.06903076171875,713.53668212890625,20.4298152923584,9.424237251281738,4.346379280090332,NA,16.056652069091797
12,Extremadura,1965,1.948871846813299,37.58000183105469,2.930000066757202,10.859999656677246,9.390000343322754,32,7.260000228881836,189.6915740966797,703.7325439453125,21.3291072845459,10.051913261413574,4.421005725860596,NA,18.070775985717773
12,Extremadura,1966,2.0326334896921194,NA,NA,NA,NA,NA,NA,181.49737548828125,695.04229736328125,22.326784133911133,10.763679504394531,4.502805709838867,NA,18.942251205444336
12,Extremadura,1967,2.1176091673305395,33.04999923706055,3.130000114440918,11.029999732971191,9.25,34.11000061035156,9.430000305175781,173.48309326171875,688.875,23.493629455566406,11.567758560180664,4.607875347137451,NA,21.093727111816406
12,Extremadura,1968,2.2455012243293213,NA,NA,NA,NA,NA,NA,165.6454620361328,681.67681884765625,26.737905502319336,12.432619094848633,4.639700889587402,NA,23.289953231811523
12,Extremadura,1969,2.3819623487876234,30.15999984741211,3.5999999046325684,10.869999885559082,9.039999961853027,35.75,10.579999923706055,157.98126220703125,674.46795654296875,29.97345733642578,13.389846801757812,4.905632019042969,28.969999313354492,23.983543395996094
12,Extremadura,1970,2.5184947332291223,NA,NA,NA,NA,NA,NA,NA,NA,NA,NA,NA,NA,21.9763240814209
12,Extremadura,1971,2.654027516621925,NA,NA,NA,NA,NA,NA,NA,NA,NA,NA,NA,NA,20.922021865844727
12,Extremadura,1972,2.8464009236758248,NA,NA,NA,NA,NA,NA,NA,NA,NA,NA,NA,NA,21.521291732788086
12,Extremadura,1973,3.045629889785954,NA,NA,NA,NA,NA,NA,NA,NA,NA,NA,NA,NA,23.500608444213867
12,Extremadura,1974,3.1030419008352528,NA,NA,NA,NA,NA,NA,NA,NA,NA,NA,NA,NA,22.999004364013672
12,Extremadura,1975,3.1567409834634304,NA,NA,NA,NA,NA,NA,NA,NA,NA,NA,NA,NA,23.875181198120117
12,Extremadura,1976,3.26256794236245,NA,NA,NA,NA,NA,NA,NA,NA,NA,NA,NA,NA,25.086936950683594
12,Extremadura,1977,3.3653956622745067,NA,NA,NA,NA,NA,NA,NA,NA,NA,NA,NA,NA,24.510601043701172
12,Extremadura,1978,3.487075025508895,NA,NA,NA,NA,NA,NA,NA,NA,NA,NA,NA,NA,26.264888763427734
12,Extremadura,1979,3.515852508937179,NA,NA,NA,NA,NA,NA,NA,NA,NA,NA,NA,NA,25.247013092041016
12,Extremadura,1980,3.539560073377473,NA,NA,NA,NA,NA,NA,NA,NA,NA,NA,NA,NA,36.325809478759766
12,Extremadura,1981,3.5727648284223483,NA,NA,NA,NA,NA,NA,NA,NA,NA,NA,NA,NA,39.4098014831543
12,Extremadura,1982,3.6109682424720173,NA,NA,NA,NA,NA,NA,NA,NA,NA,NA,NA,NA,36.092437744140625
12,Extremadura,1983,3.6489574407312197,NA,NA,NA,NA,NA,NA,NA,NA,NA,NA,NA,NA,28.88069725036621
12,Extremadura,1984,3.7371463552266317,NA,NA,NA,NA,NA,NA,NA,NA,NA,NA,NA,NA,28.945960998535156
12,Extremadura,1985,3.8284776824367146,NA,NA,NA,NA,NA,NA,NA,NA,NA,NA,NA,NA,24.619384765625
12,Extremadura,1986,4.1617394855655085,NA,NA,NA,NA,NA,NA,NA,NA,NA,NA,NA,NA,26.49269676208496
12,Extremadura,1987,4.498571697149029,NA,NA,NA,NA,NA,NA,NA,NA,NA,NA,NA,NA,23.093109130859375
12,Extremadura,1988,4.769494308127365,NA,NA,NA,NA,NA,NA,NA,NA,NA,NA,NA,NA,23.057981491088867
12,Extremadura,1989,5.051414056084423,NA,NA,NA,NA,NA,NA,NA,NA,NA,NA,NA,NA,25.20504379272461
12,Extremadura,1990,5.234075838822837,NA,NA,NA,NA,NA,NA,NA,NA,NA,NA,NA,NA,27.055639266967773
12,Extremadura,1991,5.398314627740289,NA,NA,NA,NA,NA,NA,NA,NA,NA,NA,NA,NA,29.653051376342773
12,Extremadura,1992,5.3654670442931485,NA,NA,NA,NA,NA,NA,NA,NA,NA,NA,NA,NA,28.14089012145996
12,Extremadura,1993,5.332619460846009,NA,NA,NA,NA,NA,NA,NA,NA,NA,NA,NA,NA,24.57280731201172
12,Extremadura,1994,5.439874234454218,NA,NA,NA,NA,NA,NA,NA,NA,NA,NA,NA,NA,21.801162719726562
12,Extremadura,1995,5.501356563442811,NA,NA,NA,NA,NA,NA,NA,NA,NA,NA,NA,NA,24.222888946533203
12,Extremadura,1996,5.9058125377961215,NA,NA,NA,NA,NA,NA,NA,NA,NA,NA,NA,NA,NA
12,Extremadura,1997,6.224578709235978,NA,NA,NA,NA,NA,NA,NA,NA,NA,NA,NA,NA,NA
13,Galicia,1955,1.6346757938370846,NA,NA,NA,NA,NA,NA,NA,NA,NA,NA,NA,NA,NA
13,Galicia,1956,1.7255783625855783,NA,NA,NA,NA,NA,NA,NA,NA,NA,NA,NA,NA,NA
13,Galicia,1957,1.816481040294291,NA,NA,NA,NA,NA,NA,NA,NA,NA,NA,NA,NA,NA
13,Galicia,1958,1.84090251208918,NA,NA,NA,NA,NA,NA,NA,NA,NA,NA,NA,NA,NA
13,Galicia,1959,1.8653956797081415,NA,NA,NA,NA,NA,NA,NA,NA,NA,NA,NA,NA,NA
13,Galicia,1960,1.9832904186973366,NA,NA,NA,NA,NA,NA,NA,NA,NA,NA,NA,NA,NA
13,Galicia,1961,2.0057841662984686,33.25,5.260000228881836,17.440000534057617,5.829999923706055,31.40999984741211,6.809999942779541,NA,NA,NA,NA,NA,NA,NA
13,Galicia,1962,2.185661143760823,NA,NA,NA,NA,NA,NA,NA,NA,NA,NA,NA,NA,NA
13,Galicia,1963,2.366395420225918,32.380001068115234,5.239999771118164,17.440000534057617,6.440000057220459,32.43000030517578,6.070000171661377,NA,NA,NA,NA,NA,NA,NA
13,Galicia,1964,2.4587973905474554,NA,NA,NA,NA,NA,NA,235.29544067382812,1684.7021484375,63.60566711425781,25.51045036315918,13.025678634643555,NA,15.58675479888916
13,Galicia,1965,2.549700068256168,29.170000076293945,5.329999923706055,17.84000015258789,7.400000095367432,33.630001068115234,6.650000095367432,235.1234893798828,1674.8402099609375,67.21051788330078,26.8081111907959,13.192694664001465,NA,19.105087280273438
13,Galicia,1966,2.6696657051668273,NA,NA,NA,NA,NA,NA,234.9167938232422,1667.1708984375,71.224639892578125,28.289260864257812,13.37791633605957,NA,21.529014587402344
13,Galicia,1967,2.787846355770561,26.530000686645508,5.179999828338623,18.229999542236328,7.360000133514404,34.790000915527344,7.920000076293945,234.67623901367188,1664.889404296875,75.89335632324219,29.96735191345215,13.628567695617676,NA,22.209524154663086
13,Galicia,1968,2.9783632986139006,NA,NA,NA,NA,NA,NA,234.40277099609375,1658.3428955078125,87.4872055053711,31.75354766845703,13.659449577331543,NA,22.694961547851562
13,Galicia,1969,3.1773778310131258,22.979999542236328,5.630000114440918,18.459999084472656,8.130000114440918,36.310001373291016,8.489999771118164,234.09727478027344,1651.636962890625,99.365478515625,33.722923278808594,14.374054908752441,91.0199966430664,22.512271881103516
13,Galicia,1970,3.361967991706611,NA,NA,NA,NA,NA,NA,NA,NA,NA,NA,NA,NA,21.096302032470703
13,Galicia,1971,3.5347758480835836,NA,NA,NA,NA,NA,NA,NA,NA,NA,NA,NA,NA,21.0592098236084
13,Galicia,1972,3.783204711460788,NA,NA,NA,NA,NA,NA,NA,NA,NA,NA,NA,NA,22.6944522857666
13,Galicia,1973,4.029991326417899,NA,NA,NA,NA,NA,NA,NA,NA,NA,NA,NA,NA,23.034957885742188
13,Galicia,1974,4.1323908326694605,NA,NA,NA,NA,NA,NA,NA,NA,NA,NA,NA,NA,24.373065948486328
13,Galicia,1975,4.231005496755391,NA,NA,NA,NA,NA,NA,NA,NA,NA,NA,NA,NA,21.521507263183594
13,Galicia,1976,4.359040291641005,NA,NA,NA,NA,NA,NA,NA,NA,NA,NA,NA,NA,22.540498733520508
13,Galicia,1977,4.485646835976552,NA,NA,NA,NA,NA,NA,NA,NA,NA,NA,NA,NA,22.460054397583008
13,Galicia,1978,4.521707874201121,NA,NA,NA,NA,NA,NA,NA,NA,NA,NA,NA,NA,20.85655403137207
13,Galicia,1979,4.557483436652028,NA,NA,NA,NA,NA,NA,NA,NA,NA,NA,NA,NA,19.897117614746094
13,Galicia,1980,4.581690910576889,NA,NA,NA,NA,NA,NA,NA,NA,NA,NA,NA,NA,21.414764404296875
13,Galicia,1981,4.6187517677705925,NA,NA,NA,NA,NA,NA,NA,NA,NA,NA,NA,NA,22.26031494140625
13,Galicia,1982,4.710797002335271,NA,NA,NA,NA,NA,NA,NA,NA,NA,NA,NA,NA,18.932079315185547
13,Galicia,1983,4.806341167451041,NA,NA,NA,NA,NA,NA,NA,NA,NA,NA,NA,NA,17.938140869140625
13,Galicia,1984,4.899314307240342,NA,NA,NA,NA,NA,NA,NA,NA,NA,NA,NA,NA,19.623544692993164
13,Galicia,1985,4.99778645135988,NA,NA,NA,NA,NA,NA,NA,NA,NA,NA,NA,NA,21.136173248291016
13,Galicia,1986,5.277920559248697,NA,NA,NA,NA,NA,NA,NA,NA,NA,NA,NA,NA,17.23110580444336
13,Galicia,1987,5.56576687143517,NA,NA,NA,NA,NA,NA,NA,NA,NA,NA,NA,NA,17.396068572998047
13,Galicia,1988,5.9095259020581175,NA,NA,NA,NA,NA,NA,NA,NA,NA,NA,NA,NA,18.43976402282715
13,Galicia,1989,6.254498749520227,NA,NA,NA,NA,NA,NA,NA,NA,NA,NA,NA,NA,20.44013214111328
13,Galicia,1990,6.453227806145789,NA,NA,NA,NA,NA,NA,NA,NA,NA,NA,NA,NA,21.504484176635742
13,Galicia,1991,6.641602591084467,NA,NA,NA,NA,NA,NA,NA,NA,NA,NA,NA,NA,21.509992599487305
13,Galicia,1992,6.544487219611361,NA,NA,NA,NA,NA,NA,NA,NA,NA,NA,NA,NA,21.263303756713867
13,Galicia,1993,6.447514803945525,NA,NA,NA,NA,NA,NA,NA,NA,NA,NA,NA,NA,20.22566795349121
13,Galicia,1994,6.55648373971834,NA,NA,NA,NA,NA,NA,NA,NA,NA,NA,NA,NA,20.76192855834961
13,Galicia,1995,6.688660330446882,NA,NA,NA,NA,NA,NA,NA,NA,NA,NA,NA,NA,22.020811080932617
13,Galicia,1996,6.862468005792988,NA,NA,NA,NA,NA,NA,NA,NA,NA,NA,NA,NA,NA
13,Galicia,1997,7.138531795742511,NA,NA,NA,NA,NA,NA,NA,NA,NA,NA,NA,NA,NA
14,Madrid (Comunidad De),1955,4.5944728159420976,NA,NA,NA,NA,NA,NA,NA,NA,NA,NA,NA,NA,NA
14,Madrid (Comunidad De),1956,4.786632443046407,NA,NA,NA,NA,NA,NA,NA,NA,NA,NA,NA,NA,NA
14,Madrid (Comunidad De),1957,4.963439139459039,NA,NA,NA,NA,NA,NA,NA,NA,NA,NA,NA,NA,NA
14,Madrid (Comunidad De),1958,4.9061696483761335,NA,NA,NA,NA,NA,NA,NA,NA,NA,NA,NA,NA,NA
14,Madrid (Comunidad De),1959,4.8464010457112705,NA,NA,NA,NA,NA,NA,NA,NA,NA,NA,NA,NA,NA
14,Madrid (Comunidad De),1960,5.161096899211833,NA,NA,NA,NA,NA,NA,NA,NA,NA,NA,NA,NA,NA
14,Madrid (Comunidad De),1961,5.632604813105854,2.4100000858306885,2.450000047683716,23.079999923706055,8.140000343322754,53.369998931884766,10.5600004196167,NA,NA,NA,NA,NA,NA,NA
14,Madrid (Comunidad De),1962,5.840831278256436,NA,NA,NA,NA,NA,NA,NA,NA,NA,NA,NA,NA,NA
14,Madrid (Comunidad De),1963,6.024492879963984,2.359999895095825,2.190000057220459,23.190000534057617,8.239999771118164,54.7400016784668,9.279999732971191,NA,NA,NA,NA,NA,NA,NA
14,Madrid (Comunidad De),1964,6.099328937546862,NA,NA,NA,NA,NA,NA,122.86347198486328,1709.7386474609375,220.30368041992188,55.36328125,51.79325866699219,NA,14.728869438171387
14,Madrid (Comunidad De),1965,6.152028201205906,1.7699999809265137,2.0799999237060547,24.93000030517578,8.670000076293945,51.70000076293945,10.850000381469727,127.15397644042969,1765.8912353515625,233.30381774902344,57.760772705078125,53.870365142822266,NA,15.707391738891602
14,Madrid (Comunidad De),1966,6.110468594491976,NA,NA,NA,NA,NA,NA,131.31326293945312,1826.0283203125,247.78729248046875,60.510440826416016,56.101985931396484,NA,16.827726364135742
14,Madrid (Comunidad De),1967,6.057340899252,1.4600000381469727,1.8700000047683716,24.280000686645508,8.569999694824219,51.81999969482422,12.010000228881836,135.343994140625,1893.6949462890625,264.6197814941406,63.632286071777344,58.70125961303711,NA,16.744747161865234
14,Madrid (Comunidad De),1968,6.2531419768737955,NA,NA,NA,NA,NA,NA,139.24880981445312,1944.6881103515625,305.73028564453125,66.92987823486328,60.433292388916016,NA,15.958457946777344
14,Madrid (Comunidad De),1969,6.435589761742182,1.3200000524520874,1.7799999713897705,23.690000534057617,8.170000076293945,51.939998626708984,13.109999656677246,143.03025817871094,1996.4044189453125,348.0250244140625,70.55529022216797,65.32975006103516,442.45001220703125,17.4400634765625
14,Madrid (Comunidad De),1970,6.543344880675834,NA,NA,NA,NA,NA,NA,NA,NA,NA,NA,NA,NA,19.735971450805664
14,Madrid (Comunidad De),1971,6.67473565030527,NA,NA,NA,NA,NA,NA,NA,NA,NA,NA,NA,NA,16.36346435546875
14,Madrid (Comunidad De),1972,7.0869038289562365,NA,NA,NA,NA,NA,NA,NA,NA,NA,NA,NA,NA,17.75707244873047
14,Madrid (Comunidad De),1973,7.47500748948961,NA,NA,NA,NA,NA,NA,NA,NA,NA,NA,NA,NA,19.04281997680664
14,Madrid (Comunidad De),1974,7.655669634289757,NA,NA,NA,NA,NA,NA,NA,NA,NA,NA,NA,NA,18.382165908813477
14,Madrid (Comunidad De),1975,7.816338014752482,NA,NA,NA,NA,NA,NA,NA,NA,NA,NA,NA,NA,16.296066284179688
14,Madrid (Comunidad De),1976,7.7070840390468796,NA,NA,NA,NA,NA,NA,NA,NA,NA,NA,NA,NA,14.824813842773438
14,Madrid (Comunidad De),1977,7.599971785405064,NA,NA,NA,NA,NA,NA,NA,NA,NA,NA,NA,NA,15.133336067199707
14,Madrid (Comunidad De),1978,7.390031593930752,NA,NA,NA,NA,NA,NA,NA,NA,NA,NA,NA,NA,14.932092666625977
14,Madrid (Comunidad De),1979,7.32147992593634,NA,NA,NA,NA,NA,NA,NA,NA,NA,NA,NA,NA,14.467070579528809
14,Madrid (Comunidad De),1980,7.417166175177628,NA,NA,NA,NA,NA,NA,NA,NA,NA,NA,NA,NA,12.141173362731934
14,Madrid (Comunidad De),1981,7.532134024765246,NA,NA,NA,NA,NA,NA,NA,NA,NA,NA,NA,NA,10.583541870117188
14,Madrid (Comunidad De),1982,7.542845250129428,NA,NA,NA,NA,NA,NA,NA,NA,NA,NA,NA,NA,11.082971572875977
14,Madrid (Comunidad De),1983,7.5585546986575265,NA,NA,NA,NA,NA,NA,NA,NA,NA,NA,NA,NA,10.789205551147461
14,Madrid (Comunidad De),1984,7.699228443101079,NA,NA,NA,NA,NA,NA,NA,NA,NA,NA,NA,NA,9.331670761108398
14,Madrid (Comunidad De),1985,7.839189151871787,NA,NA,NA,NA,NA,NA,NA,NA,NA,NA,NA,NA,10.29859447479248
14,Madrid (Comunidad De),1986,8.347614967152243,NA,NA,NA,NA,NA,NA,NA,NA,NA,NA,NA,NA,11.676774024963379
14,Madrid (Comunidad De),1987,8.84961474455959,NA,NA,NA,NA,NA,NA,NA,NA,NA,NA,NA,NA,12.753730773925781
14,Madrid (Comunidad De),1988,9.254498714652957,NA,NA,NA,NA,NA,NA,NA,NA,NA,NA,NA,NA,13.909849166870117
14,Madrid (Comunidad De),1989,9.657954870037132,NA,NA,NA,NA,NA,NA,NA,NA,NA,NA,NA,NA,15.587666511535645
14,Madrid (Comunidad De),1990,9.806484210426486,NA,NA,NA,NA,NA,NA,NA,NA,NA,NA,NA,NA,15.465873718261719
14,Madrid (Comunidad De),1991,9.963582182434484,NA,NA,NA,NA,NA,NA,NA,NA,NA,NA,NA,NA,16.876277923583984
14,Madrid (Comunidad De),1992,9.84004570122822,NA,NA,NA,NA,NA,NA,NA,NA,NA,NA,NA,NA,16.34165382385254
14,Madrid (Comunidad De),1993,9.718651813767496,NA,NA,NA,NA,NA,NA,NA,NA,NA,NA,NA,NA,15.583446502685547
14,Madrid (Comunidad De),1994,9.882176695330353,NA,NA,NA,NA,NA,NA,NA,NA,NA,NA,NA,NA,17.07615089416504
14,Madrid (Comunidad De),1995,10.098542924677771,NA,NA,NA,NA,NA,NA,NA,NA,NA,NA,NA,NA,17.134010314941406
14,Madrid (Comunidad De),1996,10.322764749970991,NA,NA,NA,NA,NA,NA,NA,NA,NA,NA,NA,NA,NA
14,Madrid (Comunidad De),1997,10.732647814910026,NA,NA,NA,NA,NA,NA,NA,NA,NA,NA,NA,NA,NA
15,Murcia (Region de),1955,1.679520115311641,NA,NA,NA,NA,NA,NA,NA,NA,NA,NA,NA,NA,NA
15,Murcia (Region de),1956,1.764281686119814,NA,NA,NA,NA,NA,NA,NA,NA,NA,NA,NA,NA,NA
15,Murcia (Region de),1957,1.8503284427105648,NA,NA,NA,NA,NA,NA,NA,NA,NA,NA,NA,NA,NA
15,Murcia (Region de),1958,1.8873892999042685,NA,NA,NA,NA,NA,NA,NA,NA,NA,NA,NA,NA,NA
15,Murcia (Region de),1959,1.9240932034206746,NA,NA,NA,NA,NA,NA,NA,NA,NA,NA,NA,NA,NA
15,Murcia (Region de),1960,2.1186089862996735,NA,NA,NA,NA,NA,NA,NA,NA,NA,NA,NA,NA,NA
15,Murcia (Region de),1961,2.305484042784651,23.850000381469727,9.859999656677246,19.469999313354492,5.239999771118164,34.709999084472656,6.880000114440918,NA,NA,NA,NA,NA,NA,NA
15,Murcia (Region de),1962,2.5214224943124512,NA,NA,NA,NA,NA,NA,NA,NA,NA,NA,NA,NA,NA
15,Murcia (Region de),1963,2.7390744542435423,22.34000015258789,9.40999984741211,19.889999389648438,5.739999771118164,35.81999969482422,6.789999961853027,NA,NA,NA,NA,NA,NA,NA
15,Murcia (Region de),1964,2.8512568447937867,NA,NA,NA,NA,NA,NA,110.02625274658203,429.20654296875,24.416200637817383,8.237272262573242,4.226775169372559,NA,16.863357543945312
15,Murcia (Region de),1965,2.96593834692599,18.520000457763672,11.199999809265137,19.809999465942383,6.510000228881836,36.22999954223633,7.739999771118164,108.33328247070312,429.5390625,25.23217010498047,8.521753311157227,4.2933855056762695,NA,18.230985641479492
15,Murcia (Region de),1966,3.0991860166068625,NA,NA,NA,NA,NA,NA,106.66568756103516,430.46514892578125,26.132619857788086,8.850691795349121,4.36662483215332,NA,24.48780059814453
15,Murcia (Region de),1967,3.22729228939611,17.3700008392334,10.770000457763672,18.860000610351562,6.369999885559082,36.939998626708984,9.699999809265137,105.0230941772461,432.902587890625,27.194124221801758,9.22547721862793,4.462040424346924,NA,24.787321090698242
15,Murcia (Region de),1968,3.461154043180743,NA,NA,NA,NA,NA,NA,103.4051284790039,433.7310485839844,30.591402053833008,9.61625862121582,4.486199378967285,NA,19.002290725708008
15,Murcia (Region de),1969,3.70615545391049,14.680000305175781,9.899999618530273,20.190000534057617,7.590000152587891,37.189998626708984,10.449999809265137,101.81143951416016,434.6364440917969,33.87808609008789,10.04378604888916,4.736140727996826,73.36000061035156,20.86587142944336
15,Murcia (Region de),1970,3.906383803148877,NA,NA,NA,NA,NA,NA,NA,NA,NA,NA,NA,NA,21.76726722717285
15,Murcia (Region de),1971,4.086475432242573,NA,NA,NA,NA,NA,NA,NA,NA,NA,NA,NA,NA,21.015216827392578
15,Murcia (Region de),1972,4.379462923400234,NA,NA,NA,NA,NA,NA,NA,NA,NA,NA,NA,NA,21.200056076049805
15,Murcia (Region de),1973,4.66695228190941,NA,NA,NA,NA,NA,NA,NA,NA,NA,NA,NA,NA,23.023460388183594
15,Murcia (Region de),1974,4.697800663259159,NA,NA,NA,NA,NA,NA,NA,NA,NA,NA,NA,NA,24.45221710205078
15,Murcia (Region de),1975,4.722722044538615,NA,NA,NA,NA,NA,NA,NA,NA,NA,NA,NA,NA,22.663860321044922
15,Murcia (Region de),1976,4.7843473293344765,NA,NA,NA,NA,NA,NA,NA,NA,NA,NA,NA,NA,22.599706649780273
15,Murcia (Region de),1977,4.844544363580272,NA,NA,NA,NA,NA,NA,NA,NA,NA,NA,NA,NA,22.63324737548828
15,Murcia (Region de),1978,4.864610041662204,NA,NA,NA,NA,NA,NA,NA,NA,NA,NA,NA,NA,21.828205108642578
15,Murcia (Region de),1979,4.836403727701684,NA,NA,NA,NA,NA,NA,NA,NA,NA,NA,NA,NA,21.691747665405273
15,Murcia (Region de),1980,4.763210354379776,NA,NA,NA,NA,NA,NA,NA,NA,NA,NA,NA,NA,21.461442947387695
15,Murcia (Region de),1981,4.708083457042408,NA,NA,NA,NA,NA,NA,NA,NA,NA,NA,NA,NA,21.544963836669922
15,Murcia (Region de),1982,4.8111253927449305,NA,NA,NA,NA,NA,NA,NA,NA,NA,NA,NA,NA,21.81252098083496
15,Murcia (Region de),1983,4.906883555730729,NA,NA,NA,NA,NA,NA,NA,NA,NA,NA,NA,NA,20.510887145996094
15,Murcia (Region de),1984,5.031990807453451,NA,NA,NA,NA,NA,NA,NA,NA,NA,NA,NA,NA,17.979358673095703
15,Murcia (Region de),1985,5.154598511753338,NA,NA,NA,NA,NA,NA,NA,NA,NA,NA,NA,NA,18.288301467895508
15,Murcia (Region de),1986,5.471508001062197,NA,NA,NA,NA,NA,NA,NA,NA,NA,NA,NA,NA,19.261432647705078
15,Murcia (Region de),1987,5.788560446178324,NA,NA,NA,NA,NA,NA,NA,NA,NA,NA,NA,NA,21.54313850402832
15,Murcia (Region de),1988,6.124892748277278,NA,NA,NA,NA,NA,NA,NA,NA,NA,NA,NA,NA,23.600759506225586
15,Murcia (Region de),1989,6.450442782949292,NA,NA,NA,NA,NA,NA,NA,NA,NA,NA,NA,NA,26.380815505981445
15,Murcia (Region de),1990,6.578192102061242,NA,NA,NA,NA,NA,NA,NA,NA,NA,NA,NA,NA,27.451770782470703
15,Murcia (Region de),1991,6.710368256948908,NA,NA,NA,NA,NA,NA,NA,NA,NA,NA,NA,NA,25.577903747558594
15,Murcia (Region de),1992,6.6628820860055615,NA,NA,NA,NA,NA,NA,NA,NA,NA,NA,NA,NA,23.13588523864746
15,Murcia (Region de),1993,6.616323820286838,NA,NA,NA,NA,NA,NA,NA,NA,NA,NA,NA,NA,21.162647247314453
15,Murcia (Region de),1994,6.784847360854489,NA,NA,NA,NA,NA,NA,NA,NA,NA,NA,NA,NA,21.10732650756836
15,Murcia (Region de),1995,6.885818180715108,NA,NA,NA,NA,NA,NA,NA,NA,NA,NA,NA,NA,23.948043823242188
15,Murcia (Region de),1996,7.0454157001459405,NA,NA,NA,NA,NA,NA,NA,NA,NA,NA,NA,NA,NA
15,Murcia (Region de),1997,7.295058380362308,NA,NA,NA,NA,NA,NA,NA,NA,NA,NA,NA,NA,NA
16,Navarra (Comunidad Foral De),1955,2.5551271588418936,NA,NA,NA,NA,NA,NA,NA,NA,NA,NA,NA,NA,NA
16,Navarra (Comunidad Foral De),1956,2.6981577128214487,NA,NA,NA,NA,NA,NA,NA,NA,NA,NA,NA,NA,NA
16,Navarra (Comunidad Foral De),1957,2.839831494154572,NA,NA,NA,NA,NA,NA,NA,NA,NA,NA,NA,NA,NA
16,Navarra (Comunidad Foral De),1958,2.881890792432631,NA,NA,NA,NA,NA,NA,NA,NA,NA,NA,NA,NA,NA
16,Navarra (Comunidad Foral De),1959,2.930876909750116,NA,NA,NA,NA,NA,NA,NA,NA,NA,NA,NA,NA,NA
16,Navarra (Comunidad Foral De),1960,3.163524628775149,NA,NA,NA,NA,NA,NA,NA,NA,NA,NA,NA,NA,NA
16,Navarra (Comunidad Foral De),1961,3.3359040535711895,29.239999771118164,3.450000047683716,24.719999313354492,6.230000019073486,29.90999984741211,6.449999809265137,NA,NA,NA,NA,NA,NA,NA
16,Navarra (Comunidad Foral De),1962,3.6233934120803655,NA,NA,NA,NA,NA,NA,NA,NA,NA,NA,NA,NA,NA
16,Navarra (Comunidad Foral De),1963,3.894815714622831,29.790000915527344,2.799999952316284,26.040000915527344,6.460000038146973,29.540000915527344,5.369999885559082,NA,NA,NA,NA,NA,NA,NA
16,Navarra (Comunidad Foral De),1964,3.9851472228637803,NA,NA,NA,NA,NA,NA,13.389813423156738,274.24786376953125,15.849164009094238,5.543560981750488,3.8682854175567627,NA,19.185819625854492
16,Navarra (Comunidad Foral De),1965,4.072979183681895,24.399999618530273,2.680000066757202,28.850000381469727,7.349999904632568,30.56999969482422,6.159999847412109,13.41280460357666,276.3635559082031,17.1040096282959,5.885342597961426,3.979630470275879,NA,21.209753036499023
16,Navarra (Comunidad Foral De),1966,4.210011477607961,NA,NA,NA,NA,NA,NA,13.432971954345703,278.7472839355469,18.506446838378906,6.273571968078613,4.099970817565918,NA,19.844724655151367
16,Navarra (Comunidad Foral De),1967,4.352399384216117,22.520000457763672,2.359999895095825,29.81999969482422,7.090000152587891,30.760000228881836,7.449999809265137,13.450384140014648,281.8938903808594,20.1286563873291,6.712483882904053,4.244439125061035,NA,17.983976364135742
16,Navarra (Comunidad Foral De),1968,4.5569835271674615,NA,NA,NA,NA,NA,NA,13.465109825134277,283.6307678222656,23.679033279418945,7.183292388916016,4.323930740356445,NA,18.741004943847656
16,Navarra (Comunidad Foral De),1969,4.765709901802611,17.56999969482422,2.4100000858306885,32.560001373291016,7.78000020980835,31.559999465942383,8.119999885559082,13.477213859558105,285.1310119628906,27.438302993774414,7.703865051269531,4.625949859619141,44.16999816894531,22.765674591064453
16,Navarra (Comunidad Foral De),1970,4.979434499601677,NA,NA,NA,NA,NA,NA,NA,NA,NA,NA,NA,NA,22.24440574645996
16,Navarra (Comunidad Foral De),1971,5.199657049018361,NA,NA,NA,NA,NA,NA,NA,NA,NA,NA,NA,NA,19.590524673461914
16,Navarra (Comunidad Foral De),1972,5.466795253671942,NA,NA,NA,NA,NA,NA,NA,NA,NA,NA,NA,NA,20.172109603881836
16,Navarra (Comunidad Foral De),1973,5.73050556983719,NA,NA,NA,NA,NA,NA,NA,NA,NA,NA,NA,NA,22.518383026123047
16,Navarra (Comunidad Foral De),1974,5.984789955381052,NA,NA,NA,NA,NA,NA,NA,NA,NA,NA,NA,NA,25.008567810058594
16,Navarra (Comunidad Foral De),1975,6.222936460815883,NA,NA,NA,NA,NA,NA,NA,NA,NA,NA,NA,NA,27.48448944091797
16,Navarra (Comunidad Foral De),1976,6.297772082557886,NA,NA,NA,NA,NA,NA,NA,NA,NA,NA,NA,NA,27.747333526611328
16,Navarra (Comunidad Foral De),1977,6.384461704440473,NA,NA,NA,NA,NA,NA,NA,NA,NA,NA,NA,NA,24.10563087463379
16,Navarra (Comunidad Foral De),1978,6.324193192291042,NA,NA,NA,NA,NA,NA,NA,NA,NA,NA,NA,NA,22.79099464416504
16,Navarra (Comunidad Foral De),1979,6.239645728313116,NA,NA,NA,NA,NA,NA,NA,NA,NA,NA,NA,NA,22.8123836517334
16,Navarra (Comunidad Foral De),1980,6.208440393286071,NA,NA,NA,NA,NA,NA,NA,NA,NA,NA,NA,NA,19.292478561401367
16,Navarra (Comunidad Foral De),1981,6.177877923550861,NA,NA,NA,NA,NA,NA,NA,NA,NA,NA,NA,NA,16.806238174438477
16,Navarra (Comunidad Foral De),1982,6.362039434742975,NA,NA,NA,NA,NA,NA,NA,NA,NA,NA,NA,NA,15.865889549255371
16,Navarra (Comunidad Foral De),1983,6.5447016533222655,NA,NA,NA,NA,NA,NA,NA,NA,NA,NA,NA,NA,14.971141815185547
16,Navarra (Comunidad Foral De),1984,6.7972008346387645,NA,NA,NA,NA,NA,NA,NA,NA,NA,NA,NA,NA,13.395903587341309
16,Navarra (Comunidad Foral De),1985,7.04777185592063,NA,NA,NA,NA,NA,NA,NA,NA,NA,NA,NA,NA,15.864387512207031
16,Navarra (Comunidad Foral De),1986,7.449299851270173,NA,NA,NA,NA,NA,NA,NA,NA,NA,NA,NA,NA,17.942882537841797
16,Navarra (Comunidad Foral De),1987,7.879177552228382,NA,NA,NA,NA,NA,NA,NA,NA,NA,NA,NA,NA,19.569154739379883
16,Navarra (Comunidad Foral De),1988,8.34975756089778,NA,NA,NA,NA,NA,NA,NA,NA,NA,NA,NA,NA,20.595067977905273
16,Navarra (Comunidad Foral De),1989,8.803913342002732,NA,NA,NA,NA,NA,NA,NA,NA,NA,NA,NA,NA,22.347320556640625
16,Navarra (Comunidad Foral De),1990,9.197372179377322,NA,NA,NA,NA,NA,NA,NA,NA,NA,NA,NA,NA,23.67470932006836
16,Navarra (Comunidad Foral De),1991,9.591544924106506,NA,NA,NA,NA,NA,NA,NA,NA,NA,NA,NA,NA,23.568607330322266
16,Navarra (Comunidad Foral De),1992,9.345186740730327,NA,NA,NA,NA,NA,NA,NA,NA,NA,NA,NA,NA,25.579452514648438
16,Navarra (Comunidad Foral De),1993,9.117395378664133,NA,NA,NA,NA,NA,NA,NA,NA,NA,NA,NA,NA,23.455495834350586
16,Navarra (Comunidad Foral De),1994,9.365895284104095,NA,NA,NA,NA,NA,NA,NA,NA,NA,NA,NA,NA,25.159740447998047
16,Navarra (Comunidad Foral De),1995,9.75864021412409,NA,NA,NA,NA,NA,NA,NA,NA,NA,NA,NA,NA,25.054317474365234
16,Navarra (Comunidad Foral De),1996,10.060697118066713,NA,NA,NA,NA,NA,NA,NA,NA,NA,NA,NA,NA,NA
16,Navarra (Comunidad Foral De),1997,10.522707623435716,NA,NA,NA,NA,NA,NA,NA,NA,NA,NA,NA,NA,NA
17,Basque Country (Pais Vasco),1955,3.853184630005267,NA,NA,NA,NA,NA,NA,NA,NA,NA,NA,NA,NA,NA
17,Basque Country (Pais Vasco),1956,3.9456582961508766,NA,NA,NA,NA,NA,NA,NA,NA,NA,NA,NA,NA,NA
17,Basque Country (Pais Vasco),1957,4.033561734872626,NA,NA,NA,NA,NA,NA,NA,NA,NA,NA,NA,NA,NA
17,Basque Country (Pais Vasco),1958,4.023421896896646,NA,NA,NA,NA,NA,NA,NA,NA,NA,NA,NA,NA,NA
17,Basque Country (Pais Vasco),1959,4.013781968405232,NA,NA,NA,NA,NA,NA,NA,NA,NA,NA,NA,NA,NA
17,Basque Country (Pais Vasco),1960,4.285918396222732,NA,NA,NA,NA,NA,NA,NA,NA,NA,NA,NA,NA,NA
17,Basque Country (Pais Vasco),1961,4.574336095797406,7.960000038146973,4.730000019073486,44.2599983215332,5.53000020980835,33.59000015258789,3.940000057220459,NA,NA,NA,NA,NA,NA,NA
17,Basque Country (Pais Vasco),1962,4.898957353563045,NA,NA,NA,NA,NA,NA,NA,NA,NA,NA,NA,NA,NA
17,Basque Country (Pais Vasco),1963,5.197014981629133,8.109999656677246,4.25,44.43000030517578,5.920000076293945,33.869998931884766,3.430000066757202,NA,NA,NA,NA,NA,NA,NA
17,Basque Country (Pais Vasco),1964,5.3389029787527225,NA,NA,NA,NA,NA,NA,36.36323928833008,969.1400146484375,67.97333526611328,21.691781997680664,12.261300086975098,NA,23.81915283203125
17,Basque Country (Pais Vasco),1965,5.465153005251848,6.730000019073486,4.050000190734863,46.220001220703125,6.369999885559082,33,3.640000104904175,37.8310432434082,992.827880859375,74.1777114868164,23.062183380126953,12.686636924743652,NA,25.460439682006836
17,Basque Country (Pais Vasco),1966,5.545915627064143,NA,NA,NA,NA,NA,NA,39.25489807128906,1018.1431274414062,81.12030029296875,24.617965698242188,13.144695281982422,NA,25.017345428466797
17,Basque Country (Pais Vasco),1967,5.614895726639487,5.889999866485596,3.75,45.11000061035156,6.480000019073486,34.220001220703125,4.550000190734863,40.63569641113281,1046.9871826171875,89.13615417480469,26.376422882080078,13.684739112854004,NA,23.436033248901367
17,Basque Country (Pais Vasco),1968,5.8521849330715785,NA,NA,NA,NA,NA,NA,41.97431182861328,1070.1199951171875,105.88878631591797,28.264331817626953,14.019165992736816,NA,23.778390884399414
17,Basque Country (Pais Vasco),1969,6.0814054173695915,5.53000020980835,3.75,45.38999938964844,6.449999809265137,34.09000015258789,4.800000190734863,43.27159881591797,1093.235595703125,123.85572052001953,30.35246467590332,15.081781387329102,246.88999938964844,26.372936248779297
17,Basque Country (Pais Vasco),1970,6.17009424134957,NA,NA,NA,NA,NA,NA,NA,NA,NA,NA,NA,NA,25.49704360961914
17,Basque Country (Pais Vasco),1971,6.283633404546246,NA,NA,NA,NA,NA,NA,NA,NA,NA,NA,NA,NA,22.716312408447266
17,Basque Country (Pais Vasco),1972,6.5555553986528405,NA,NA,NA,NA,NA,NA,NA,NA,NA,NA,NA,NA,24.568805694580078
17,Basque Country (Pais Vasco),1973,6.810768561103078,NA,NA,NA,NA,NA,NA,NA,NA,NA,NA,NA,NA,23.051862716674805
17,Basque Country (Pais Vasco),1974,7.105184302810804,NA,NA,NA,NA,NA,NA,NA,NA,NA,NA,NA,NA,23.78666114807129
17,Basque Country (Pais Vasco),1975,7.377891682175629,NA,NA,NA,NA,NA,NA,NA,NA,NA,NA,NA,NA,19.865604400634766
17,Basque Country (Pais Vasco),1976,7.232933621922754,NA,NA,NA,NA,NA,NA,NA,NA,NA,NA,NA,NA,20.365642547607422
17,Basque Country (Pais Vasco),1977,7.089831372119127,NA,NA,NA,NA,NA,NA,NA,NA,NA,NA,NA,NA,20.08889389038086
17,Basque Country (Pais Vasco),1978,6.786703607144611,NA,NA,NA,NA,NA,NA,NA,NA,NA,NA,NA,NA,18.54961395263672
17,Basque Country (Pais Vasco),1979,6.6398173868571035,NA,NA,NA,NA,NA,NA,NA,NA,NA,NA,NA,NA,16.301759719848633
17,Basque Country (Pais Vasco),1980,6.562839171369564,NA,NA,NA,NA,NA,NA,NA,NA,NA,NA,NA,NA,16.53400421142578
17,Basque Country (Pais Vasco),1981,6.50078545499277,NA,NA,NA,NA,NA,NA,NA,NA,NA,NA,NA,NA,15.795607566833496
17,Basque Country (Pais Vasco),1982,6.545058606999563,NA,NA,NA,NA,NA,NA,NA,NA,NA,NA,NA,NA,14.402053833007812
17,Basque Country (Pais Vasco),1983,6.595329801139407,NA,NA,NA,NA,NA,NA,NA,NA,NA,NA,NA,NA,15.04167366027832
17,Basque Country (Pais Vasco),1984,6.761496750091492,NA,NA,NA,NA,NA,NA,NA,NA,NA,NA,NA,NA,14.712579727172852
17,Basque Country (Pais Vasco),1985,6.937160671727721,NA,NA,NA,NA,NA,NA,NA,NA,NA,NA,NA,NA,15.684075355529785
17,Basque Country (Pais Vasco),1986,7.332191151300521,NA,NA,NA,NA,NA,NA,NA,NA,NA,NA,NA,NA,16.32469940185547
17,Basque Country (Pais Vasco),1987,7.742788123594152,NA,NA,NA,NA,NA,NA,NA,NA,NA,NA,NA,NA,15.588956832885742
17,Basque Country (Pais Vasco),1988,8.12053664075889,NA,NA,NA,NA,NA,NA,NA,NA,NA,NA,NA,NA,16.847572326660156
17,Basque Country (Pais Vasco),1989,8.509711162324157,NA,NA,NA,NA,NA,NA,NA,NA,NA,NA,NA,NA,19.783809661865234
17,Basque Country (Pais Vasco),1990,8.776777889074104,NA,NA,NA,NA,NA,NA,NA,NA,NA,NA,NA,NA,19.93478012084961
17,Basque Country (Pais Vasco),1991,9.02527866619582,NA,NA,NA,NA,NA,NA,NA,NA,NA,NA,NA,NA,20.00724220275879
17,Basque Country (Pais Vasco),1992,8.873892824706335,NA,NA,NA,NA,NA,NA,NA,NA,NA,NA,NA,NA,19.93942642211914
17,Basque Country (Pais Vasco),1993,8.718223539089278,NA,NA,NA,NA,NA,NA,NA,NA,NA,NA,NA,NA,17.97527313232422
17,Basque Country (Pais Vasco),1994,9.018137849286365,NA,NA,NA,NA,NA,NA,NA,NA,NA,NA,NA,NA,17.893705368041992
17,Basque Country (Pais Vasco),1995,9.440873861653367,NA,NA,NA,NA,NA,NA,NA,NA,NA,NA,NA,NA,19.266321182250977
17,Basque Country (Pais Vasco),1996,9.68651813767495,NA,NA,NA,NA,NA,NA,NA,NA,NA,NA,NA,NA,NA
17,Basque Country (Pais Vasco),1997,10.170665872808662,NA,NA,NA,NA,NA,NA,NA,NA,NA,NA,NA,NA,NA
18,Rioja (La),1955,2.390459938343509,NA,NA,NA,NA,NA,NA,NA,NA,NA,NA,NA,NA,NA
18,Rioja (La),1956,2.535204218646793,NA,NA,NA,NA,NA,NA,NA,NA,NA,NA,NA,NA,NA
18,Rioja (La),1957,2.6800199768537114,NA,NA,NA,NA,NA,NA,NA,NA,NA,NA,NA,NA,NA
18,Rioja (La),1958,2.7264352867651653,NA,NA,NA,NA,NA,NA,NA,NA,NA,NA,NA,NA,NA
18,Rioja (La),1959,2.7728505966766193,NA,NA,NA,NA,NA,NA,NA,NA,NA,NA,NA,NA,NA
18,Rioja (La),1960,2.969865709058015,NA,NA,NA,NA,NA,NA,NA,NA,NA,NA,NA,NA,NA
18,Rioja (La),1961,3.153170575008703,32.720001220703125,3.0899999141693115,27.56999969482422,4.340000152587891,26.229999542236328,6.050000190734863,NA,NA,NA,NA,NA,NA,NA
18,Rioja (La),1962,3.404384461582405,NA,NA,NA,NA,NA,NA,NA,NA,NA,NA,NA,NA,NA
18,Rioja (La),1963,3.6692375525240557,34.43000030517578,2.990000009536743,25.389999389648438,4.739999771118164,27.06999969482422,5.380000114440918,NA,NA,NA,NA,NA,NA,NA
18,Rioja (La),1964,3.8039847327381913,NA,NA,NA,NA,NA,NA,10.23792552947998,151.32089233398438,8.609827041625977,3.0633983612060547,1.8116753101348877,NA,16.63018798828125
18,Rioja (La),1965,3.9218082117441893,31.950000762939453,3.0199999809265137,25.959999084472656,5.349999904632568,27.639999389648438,6.079999923706055,9.790541648864746,151.51365661621094,8.872441291809082,3.168996572494507,1.7795968055725098,NA,17.72828483581543
18,Rioja (La),1966,4.032704871710761,NA,NA,NA,NA,NA,NA,9.353001594543457,151.88583374023438,9.161633491516113,3.2911064624786377,1.7468358278274536,NA,17.610557556152344
18,Rioja (La),1967,4.160311235015442,27.600000381469727,2.7899999618530273,27.030000686645508,5.650000095367432,29.510000228881836,7.429999828338623,8.9251251220703125,152.7118682861328,9.503626823425293,3.4302403926849365,1.7189676761627197,NA,16.596372604370117
18,Rioja (La),1968,4.373036449686251,NA,NA,NA,NA,NA,NA,8.506735801696777,152.95643615722656,10.655009269714355,3.5752952098846436,1.6602739095687866,NA,18.966751098632812
18,Rioja (La),1969,4.603541792886184,24.90999984741211,2.549999952316284,27.110000610351562,6.110000133514404,31.049999237060547,8.279999732971191,8.097660064697266,153.2281036376953,11.757670402526855,3.7339823246002197,1.6792272329330444,46.58000183105469,20.803438186645508
18,Rioja (La),1970,4.793416306278564,NA,NA,NA,NA,NA,NA,NA,NA,NA,NA,NA,NA,21.56583595275879
18,Rioja (La),1971,4.983361861733702,NA,NA,NA,NA,NA,NA,NA,NA,NA,NA,NA,NA,19.593292236328125
18,Rioja (La),1972,5.230076998787177,NA,NA,NA,NA,NA,NA,NA,NA,NA,NA,NA,NA,20.890886306762695
18,Rioja (La),1973,5.474649977935992,NA,NA,NA,NA,NA,NA,NA,NA,NA,NA,NA,NA,20.77313804626465
18,Rioja (La),1974,5.575835667348392,NA,NA,NA,NA,NA,NA,NA,NA,NA,NA,NA,NA,23.36484718322754
18,Rioja (La),1975,5.676092579854417,NA,NA,NA,NA,NA,NA,NA,NA,NA,NA,NA,NA,22.53272819519043
18,Rioja (La),1976,5.81655232642794,NA,NA,NA,NA,NA,NA,NA,NA,NA,NA,NA,NA,31.175861358642578
18,Rioja (La),1977,5.955798256162302,NA,NA,NA,NA,NA,NA,NA,NA,NA,NA,NA,NA,36.6737174987793
18,Rioja (La),1978,6.06655239616248,NA,NA,NA,NA,NA,NA,NA,NA,NA,NA,NA,NA,39.07185363769531
18,Rioja (La),1979,6.101042663870591,NA,NA,NA,NA,NA,NA,NA,NA,NA,NA,NA,NA,31.261152267456055
18,Rioja (La),1980,6.108683390264612,NA,NA,NA,NA,NA,NA,NA,NA,NA,NA,NA,NA,25.491395950317383
18,Rioja (La),1981,6.139960203195293,NA,NA,NA,NA,NA,NA,NA,NA,NA,NA,NA,NA,19.74705696105957
18,Rioja (La),1982,6.309768602664864,NA,NA,NA,NA,NA,NA,NA,NA,NA,NA,NA,NA,19.577131271362305
18,Rioja (La),1983,6.502142227639202,NA,NA,NA,NA,NA,NA,NA,NA,NA,NA,NA,NA,17.325103759765625
18,Rioja (La),1984,6.626892525684626,NA,NA,NA,NA,NA,NA,NA,NA,NA,NA,NA,NA,17.847625732421875
18,Rioja (La),1985,6.775563950199497,NA,NA,NA,NA,NA,NA,NA,NA,NA,NA,NA,NA,16.55730438232422
18,Rioja (La),1986,7.165095861282937,NA,NA,NA,NA,NA,NA,NA,NA,NA,NA,NA,NA,16.640958786010742
18,Rioja (La),1987,7.580691056740485,NA,NA,NA,NA,NA,NA,NA,NA,NA,NA,NA,NA,18.572877883911133
18,Rioja (La),1988,8.002713161752892,NA,NA,NA,NA,NA,NA,NA,NA,NA,NA,NA,NA,21.577579498291016
18,Rioja (La),1989,8.453299406084868,NA,NA,NA,NA,NA,NA,NA,NA,NA,NA,NA,NA,22.790969848632812
18,Rioja (La),1990,8.85889728353283,NA,NA,NA,NA,NA,NA,NA,NA,NA,NA,NA,NA,21.09278106689453
18,Rioja (La),1991,9.229505855469867,NA,NA,NA,NA,NA,NA,NA,NA,NA,NA,NA,NA,18.911924362182617
18,Rioja (La),1992,9.180947951812875,NA,NA,NA,NA,NA,NA,NA,NA,NA,NA,NA,NA,21.862037658691406
18,Rioja (La),1993,9.132390919837636,NA,NA,NA,NA,NA,NA,NA,NA,NA,NA,NA,NA,16.76578712463379
18,Rioja (La),1994,9.498000396929003,NA,NA,NA,NA,NA,NA,NA,NA,NA,NA,NA,NA,16.469451904296875
18,Rioja (La),1995,9.752213304569231,NA,NA,NA,NA,NA,NA,NA,NA,NA,NA,NA,NA,20.275650024414062
18,Rioja (La),1996,10.056412802257391,NA,NA,NA,NA,NA,NA,NA,NA,NA,NA,NA,NA,NA
18,Rioja (La),1997,10.476292313524262,NA,NA,NA,NA,NA,NA,NA,NA,NA,NA,NA,NA,NA
